"","Sewershed_ID","State/Territory","Counties_Served","Detection_Category","Date_the_Site_Began_Sampling_Data","Population_Served","latitude","longitude","time.period"
"1","ID:2156","Wisconsin","Rock","No Samples in Last Week","2024-09-06","63500","42.68372979514974","-89.06909261951458","March 30, 2025 - April 05, 2025"
"2","ID:2348","California","Placer","No Samples in Last Week","2024-05-22","130000","38.760216152792246","-121.28681309897058","March 30, 2025 - April 05, 2025"
"3","ID:1613","Ohio","Lucas","No Samples in Last Week","2025-02-23","322446","41.732843","-83.455401","March 30, 2025 - April 05, 2025"
"4","ID:2298","Texas","Victoria","No Samples in Last Week","2024-08-06","65800","28.78094951765858","-97.05072621897062","March 30, 2025 - April 05, 2025"
"5","ID:2249","Louisiana","Lincoln","No Samples in Last Week","2025-01-07","22500","32.50832684840971","-92.59532972909247","March 30, 2025 - April 05, 2025"
"6","ID:915","Michigan","Muskegon","No Samples in Last Week","2025-01-15","28000","43.244780948039065","-86.21298667090561","March 30, 2025 - April 05, 2025"
"7","ID:1595","Ohio","Huron","No Samples in Last Week","2025-02-23","17000","41.23284377879924","-82.60183572646257","March 30, 2025 - April 05, 2025"
"8","ID:2281","Texas","Taylor","No Samples in Last Week","2024-08-06","125000","32.48887151135923","-99.71748105432893","March 30, 2025 - April 05, 2025"
"9","ID:1511","Ohio","Ashtabula","No Samples in Last Week","2025-02-23","31430","41.868231669295","-80.79576222952576","March 30, 2025 - April 05, 2025"
"10","ID:1487","North Carolina","Durham, Orange","No Samples in Last Week","2024-04-30","108105","35.86708851864267","-79.024176148252","March 30, 2025 - April 05, 2025"
"11","ID:1720","Oregon","Clatsop","No Samples in Last Week","2022-12-08","11326","46.17105066764508","-123.81348015335999","March 30, 2025 - April 05, 2025"
"12","ID:852","Michigan","Kalamazoo","No Samples in Last Week","2024-08-26","3416","42.365716130684596","-85.6044934253276","March 30, 2025 - April 05, 2025"
"13","ID:2124","Wisconsin","Chippewa, Eau Claire","No Samples in Last Week","2024-09-05","77714","44.823690777632294","-91.51454039439889","March 30, 2025 - April 05, 2025"
"14","ID:17","Arizona","La Paz","No Samples in Last Week","2024-11-13","3500","33.61358648043593","-114.20388710850494","March 30, 2025 - April 05, 2025"
"15","ID:847","Michigan","Kalamazoo","No Samples in Last Week","2024-08-26","12366","42.31164297718508","-85.5126588441445","March 30, 2025 - April 05, 2025"
"16","ID:149","California","San Francisco","No Samples in Last Week","2024-12-10","9923","37.85704631181363","-122.5146762562939","March 30, 2025 - April 05, 2025"
"17","ID:1630","Ohio","Marion","No Samples in Last Week","2025-02-19","36000","40.496754442535135","-83.07479481896361","March 30, 2025 - April 05, 2025"
"18","ID:25","Arizona","Maricopa","No Samples in Last Week","2024-11-05","9848","33.291302035553855","-112.02310327443818","March 30, 2025 - April 05, 2025"
"19","ID:28","Arizona","Maricopa","No Samples in Last Week","2024-11-05","6500","33.278245291932485","-111.948448463434","March 30, 2025 - April 05, 2025"
"20","ID:848","Michigan","Kalamazoo","No Samples in Last Week","2024-08-26","20122","42.33183907424787","-85.38220665405429","March 30, 2025 - April 05, 2025"
"21","ID:861","Michigan","Kent","No Samples in Last Week","2024-12-22","265000","42.95234267040056","-85.59391966103702","March 30, 2025 - April 05, 2025"
"22","ID:2410","Texas","Hidalgo","No Samples in Last Week","2024-12-03","16782","26.185223705186576","-98.05174802506478","March 30, 2025 - April 05, 2025"
"23","ID:1598","Ohio","Jefferson","No Samples in Last Week","2025-02-23","17864","40.38199890895578","-80.64677753716404","March 30, 2025 - April 05, 2025"
"24","ID:2356","Michigan","Ottawa","No Samples in Last Week","2024-12-04","3000","43.02577039958453","-86.20497165910062","March 30, 2025 - April 05, 2025"
"25","ID:1485","North Carolina","Onslow","No Samples in Last Week","2025-01-07","41819","34.876275232823524","-77.58088645995912","March 30, 2025 - April 05, 2025"
"26","ID:154","California","San Francisco","No Samples in Last Week","2024-11-26","4416","37.609692607108","-122.49251272672508","March 30, 2025 - April 05, 2025"
"27","ID:172","California","Santa Barbara","No Samples in Last Week","2024-11-21","77600","34.42773707272031","-119.68184192550467","March 30, 2025 - April 05, 2025"
"28","ID:922","Michigan","Ottawa","No Samples in Last Week","2024-12-02","20000","42.995289285761984","-85.88695853724704","March 30, 2025 - April 05, 2025"
"29","ID:27","Arizona","Maricopa","No Samples in Last Week","2024-11-12","23746","33.61707121258963","-111.95187285532201","March 30, 2025 - April 05, 2025"
"30","ID:1682","Ohio","Tuscarawas","No Samples in Last Week","2025-02-23","13572","40.53507795228118","-81.47985648847703","March 30, 2025 - April 05, 2025"
"31","ID:1555","Ohio","Franklin","No Samples in Last Week","2025-02-23","654817","39.808610909090056","-82.9684395676176","March 30, 2025 - April 05, 2025"
"32","ID:1557","Ohio","Fulton","No Samples in Last Week","2025-02-23","6000","41.52546919022514","-84.30866135499042","March 30, 2025 - April 05, 2025"
"33","ID:891","Michigan","Mackinac","No Samples in Last Week","2025-01-15","3460","45.9313040084981","-84.74427826443552","March 30, 2025 - April 05, 2025"
"34","ID:990","Michigan","Wexford","No Samples in Last Week","2024-10-28","10450","44.25374788757867","-85.41815713664833","March 30, 2025 - April 05, 2025"
"35","ID:1673","Ohio","Sandusky","No Samples in Last Week","2025-02-23","25000","41.35370598421257","-83.1154123939399","March 30, 2025 - April 05, 2025"
"36","ID:1489","North Carolina","Pitt","No Samples in Last Week","2024-04-30","89616","35.615507694416486","-77.39592406101207","March 30, 2025 - April 05, 2025"
"37","ID:846","Michigan","Kalamazoo","No Samples in Last Week","2023-11-01","194170","42.27209330597704","-85.65619966868944","March 30, 2025 - April 05, 2025"
"38","ID:2358","Michigan","Ottawa","No Samples in Last Week","2024-11-06","8000","43.107254842098754","-86.19133605310662","March 30, 2025 - April 05, 2025"
"39","ID:1479","North Carolina","Mecklenburg","No Samples in Last Week","2024-11-25","120000","35.35653885424906","-80.77896594680351","March 30, 2025 - April 05, 2025"
"40","ID:1690","Ohio","Williams","No Samples in Last Week","2025-02-23","8655","41.473171673832965","-84.55550517277601","March 30, 2025 - April 05, 2025"
"41","ID:180","California","Santa Cruz, Monterey","No Samples in Last Week","2024-05-22","60000","36.984439366944905","-121.81329206871919","March 30, 2025 - April 05, 2025"
"42","ID:924","Michigan","Ottawa","No Samples in Last Week","2024-08-25","45608","42.54066576760731","-86.22391230160703","March 30, 2025 - April 05, 2025"
"43","ID:1564","Ohio","Hamilton","No Samples in Last Week","2025-02-23","143000","39.11504705554396","-84.43003480879577","March 30, 2025 - April 05, 2025"
"44","ID:1674","Ohio","Scioto","No Samples in Last Week","2025-02-24","20366","38.764330771847604","-82.94655106187894","March 30, 2025 - April 05, 2025"
"45","ID:1483","North Carolina","New Hanover","No Samples in Last Week","2024-12-03","58361","34.191321598060064","-77.9180699589719","March 30, 2025 - April 05, 2025"
"46","ID:1559","Ohio","Greene","No Samples in Last Week","2025-02-24","4100","39.80395586226398","-83.89002331683481","March 30, 2025 - April 05, 2025"
"47","ID:2455","Arizona","Maricopa","No Samples in Last Week","2025-03-17","37000","33.47200605335841","-112.2693965397508","March 30, 2025 - April 05, 2025"
"48","ID:111","California","Lake","No Samples in Last Week","2024-11-18","13200","38.958743474151554","-122.6362873165991","March 30, 2025 - April 05, 2025"
"49","ID:2140","Wisconsin","Marinette","No Samples in Last Week","2024-09-08","3500","45.06221834921889","-87.76129391007723","March 30, 2025 - April 05, 2025"
"50","ID:26","Arizona","Maricopa","No Samples in Last Week","2024-11-05","12542","33.51021236798785","-112.09150388393984","March 30, 2025 - April 05, 2025"
"51","ID:621","Louisiana","Jefferson","No Samples in Last Week","2025-01-06","173101","29.90395333228623","-90.1689330063314","March 30, 2025 - April 05, 2025"
"52","ID:589","Louisiana","Acadia","No Samples in Last Week","2025-01-05","14557","30.2082677725499","-92.3776425077951","March 30, 2025 - April 05, 2025"
"53","ID:724","Maine","York","No Samples in Last Week","2024-09-09","16000","43.501130275440374","-70.4175494645088","March 30, 2025 - April 05, 2025"
"54","ID:628","Louisiana","Lafayette","No Samples in Last Week","2024-09-06","20000","30.08870491674651","-92.00024217039484","March 30, 2025 - April 05, 2025"
"55","ID:1545","Ohio","Erie","No Samples in Last Week","2025-02-23","55000","41.43645145519554","-82.7087010744056","March 30, 2025 - April 05, 2025"
"56","ID:1558","Ohio","Greene","No Samples in Last Week","2025-02-23","46160","39.71630517550498","-84.0375687691927","March 30, 2025 - April 05, 2025"
"57","ID:657","Louisiana","Ouachita","No Samples in Last Week","2025-01-06","76000","32.44076634286865","-92.132222993945","March 30, 2025 - April 05, 2025"
"58","ID:854","Michigan","Kalamazoo","No Samples in Last Week","2024-08-26","39068","42.20053547322272","-85.60200229315674","March 30, 2025 - April 05, 2025"
"59","ID:1450","North Carolina","Buncombe, Henderson","No Samples in Last Week","2024-03-26","173000","35.639849815392196","-82.56612722992844","March 30, 2025 - April 05, 2025"
"60","ID:152","California","San Francisco, San Mateo","No Samples in Last Week","2024-11-26","66446","37.752073","-122.376561","March 30, 2025 - April 05, 2025"
"61","ID:2296","Arizona","Coconino","No Samples in Last Week","2024-11-13","80000","35.23611691744211","-111.57058016966509","March 30, 2025 - April 05, 2025"
"62","ID:667","Louisiana","Red River","No Samples in Last Week","2025-01-06","3838","32.020226701283725","-93.30708532135212","March 30, 2025 - April 05, 2025"
"63","ID:2408","Arizona","La Paz","No Samples in Last Week","2024-11-04","3400","34.169016201646336","-114.26318221900381","March 30, 2025 - April 05, 2025"
"64","ID:20","Arizona","Maricopa","No Samples in Last Week","2024-11-07","88521","33.42323331131886","-111.86526179078115","March 30, 2025 - April 05, 2025"
"65","ID:690","Louisiana","Washington","No Samples in Last Week","2025-01-06","13675","30.763815815359127","-89.88246762241891","March 30, 2025 - April 05, 2025"
"66","ID:2295","Louisiana","Saint Bernard","No Samples in Last Week","2025-01-06","45000","29.938619034956048","-89.90537494701456","March 30, 2025 - April 05, 2025"
"67","ID:916","Michigan","Muskegon","No Samples in Last Week","2024-11-13","5000","43.29482129885728","-86.07384855049624","March 30, 2025 - April 05, 2025"
"68","ID:769","Michigan","Baraga","No Samples in Last Week","2025-01-27","8320","46.788750958540696","-88.52098270172687","March 30, 2025 - April 05, 2025"
"69","ID:1755","Oregon","Washington","No Samples in Last Week","2024-07-10","40000","45.53146898717338","-123.1247957319748","March 30, 2025 - April 05, 2025"
"70","ID:144","California","San Bernardino","No Samples in Last Week","2024-11-20","325000","34.08668186604309","-117.26947226249403","March 30, 2025 - April 05, 2025"
"71","ID:1604","Ohio","Licking","No Samples in Last Week","2025-02-23","45000","40.072384992563954","-82.41558050498233","March 30, 2025 - April 05, 2025"
"72","ID:189","California","Sutter","No Samples in Last Week","2024-11-20","70000","39.128895800399995","-121.67037903234858","March 30, 2025 - April 05, 2025"
"73","ID:182","California","Shasta","No Samples in Last Week","2024-11-21","60000","40.488674313484836","-122.26411339735043","March 30, 2025 - April 05, 2025"
"74","ID:1546","Ohio","Fairfield","No Samples in Last Week","2025-02-23","24303","39.69130507368905","-82.6447867181861","March 30, 2025 - April 05, 2025"
"75","ID:2347","California","Santa Barbara","No Samples in Last Week","2024-05-22","97000","34.42897114388761","-119.87255821941389","March 30, 2025 - April 05, 2025"
"76","ID:1687","Ohio","Washington","No Samples in Last Week","2025-02-23","15284","39.422478389709674","-81.45173818666426","March 30, 2025 - April 05, 2025"
"77","ID:1548","Ohio","Fayette","No Samples in Last Week","2025-02-23","14000","39.53701059770773","-83.43919727281715","March 30, 2025 - April 05, 2025"
"78","ID:2164","Wisconsin","Vernon","No Samples in Last Week","2024-09-09","4400","43.5526125369417","-90.8975164165606","March 30, 2025 - April 05, 2025"
"79","ID:2357","Michigan","Ottawa","No Samples in Last Week","2025-01-08","10000","43.08913797960136","-86.22200625296334","March 30, 2025 - April 05, 2025"
"80","ID:30","Arizona","Maricopa","No Samples in Last Week","2024-11-12","19260","33.70764494934018","-112.42970715556417","March 30, 2025 - April 05, 2025"
"81","ID:1587","Ohio","Hamilton","No Samples in Last Week","2025-02-23","76000","39.11576821277184","-84.66250338838036","March 30, 2025 - April 05, 2025"
"82","ID:1679","Ohio","Trumbull","No Samples in Last Week","2025-02-23","54037","41.23705948842782","-80.816548097113","March 30, 2025 - April 05, 2025"
"83","ID:35","Arizona","Pima","No Samples in Last Week","2024-11-05","397407","32.40807539274686","-111.14000600146441","March 30, 2025 - April 05, 2025"
"84","ID:106","California","Kern","No Samples in Last Week","2024-11-19","168750","35.333073967418194","-119.06961443202067","March 30, 2025 - April 05, 2025"
"85","ID:1677","Ohio","Stark","No Samples in Last Week","2025-02-23","85000","40.78227058978827","-81.36788850483872","March 30, 2025 - April 05, 2025"
"86","ID:2129","Wisconsin","Jackson","No Samples in Last Week","2024-09-09","5000","44.28576898841382","-90.84399531328681","March 30, 2025 - April 05, 2025"
"87","ID:1642","Ohio","Montgomery","No Samples in Last Week","2025-02-19","79000","39.662647455013285","-84.2403097620284","March 30, 2025 - April 05, 2025"
"88","ID:1683","Ohio","Union","No Samples in Last Week","2025-02-23","24677","40.19113345927829","-83.38109804575068","March 30, 2025 - April 05, 2025"
"89","ID:1635","Ohio","Mercer","No Samples in Last Week","2025-02-24","4800","40.47901830567786","-84.63516611665364","March 30, 2025 - April 05, 2025"
"90","ID:1527","Ohio","Butler","No Samples in Last Week","2025-02-23","65000","39.36663737714001","-84.54838583010557","March 30, 2025 - April 05, 2025"
"91","ID:1611","Ohio","Lucas","No Samples in Last Week","2025-02-23","110000","41.50519118214743","-83.73432274631527","March 30, 2025 - April 05, 2025"
"92","ID:1569","Ohio","Hamilton","No Samples in Last Week","2025-02-23","488000","39.028686493007356","-84.32875941323557","March 30, 2025 - April 05, 2025"
"93","ID:629","Louisiana","Lafayette","No Samples in Last Week","2024-09-06","13000","30.18497447890199","-91.94396636683989","March 30, 2025 - April 05, 2025"
"94","ID:1665","Ohio","Richland","No Samples in Last Week","2025-02-23","52000","40.79582031612343","-82.39213646980977","March 30, 2025 - April 05, 2025"
"95","ID:137","California","Plumas","No Samples in Last Week","2024-11-21","4217","39.935446378654675","-120.91762346654949","March 30, 2025 - April 05, 2025"
"96","ID:95","California","Butte","No Samples in Last Week","2024-11-21","44000","39.52626426187867","-121.56708897551168","March 30, 2025 - April 05, 2025"
"97","ID:1524","Ohio","Belmont","No Samples in Last Week","2025-02-23","13169","40.014675976606945","-80.76024291566524","March 30, 2025 - April 05, 2025"
"98","ID:1693","Ohio","Wyandot","No Samples in Last Week","2025-02-23","6700","40.8087047613906","-83.30438215164996","March 30, 2025 - April 05, 2025"
"99","ID:774","Michigan","Calhoun","No Samples in Last Week","2024-08-25","70000","42.32553691636225","-85.22517631510344","March 30, 2025 - April 05, 2025"
"100","ID:287","Delaware","Sussex","No Samples in Last Week","2024-12-11","4392","38.54999787549512","-75.56858052420938","March 30, 2025 - April 05, 2025"
"101","ID:1588","Ohio","Hamilton","No Samples in Last Week","2025-03-02","34000","39.045417083074746","-84.23365906425094","March 30, 2025 - April 05, 2025"
"102","ID:1647","Ohio","Muskingum","No Samples in Last Week","2025-02-23","47500","39.95044967315329","-82.01251470573389","March 30, 2025 - April 05, 2025"
"103","ID:1606","Ohio","Lorain","No Samples in Last Week","2025-02-23","54500","41.371878890657506","-82.11003103348705","March 30, 2025 - April 05, 2025"
"104","ID:789","Michigan","Dickinson","No Samples in Last Week","2025-02-09","3200","45.793252106014975","-87.90744886786393","March 30, 2025 - April 05, 2025"
"105","ID:908","Michigan","Marquette","No Samples in Last Week","2024-07-22","4500","46.45947703215202","-87.47737239339068","March 30, 2025 - April 05, 2025"
"106","ID:1752","Oregon","Washington","No Samples in Last Week","2024-07-10","220000","45.40614460074786","-122.79107080867696","March 30, 2025 - April 05, 2025"
"107","ID:19","Arizona","Maricopa","No Samples in Last Week","2024-11-05","2400000","33.482867559900484","-112.32010317758564","March 30, 2025 - April 05, 2025"
"108","ID:1641","Ohio","Montgomery","No Samples in Last Week","2025-02-23","65000","39.84037570857925","-84.11915889845186","March 30, 2025 - April 05, 2025"
"109","ID:288","Delaware","Sussex","No Samples in Last Week","2024-12-29","4050","38.73986877967521","-75.18155101666022","March 30, 2025 - April 05, 2025"
"110","ID:2133","Wisconsin","La Crosse","No Samples in Last Week","2024-09-09","85000","43.797818584974856","-91.22164145580747","March 30, 2025 - April 05, 2025"
"111","ID:1602","Ohio","Lake","No Samples in Last Week","2025-02-23","20000","41.712010859341284","-81.23941850201248","March 30, 2025 - April 05, 2025"
"112","ID:687","Louisiana","Terrebonne","No Samples in Last Week","2025-01-06","30000","29.5692059680179","-90.69432743825301","March 30, 2025 - April 05, 2025"
"113","ID:1640","Ohio","Montgomery","No Samples in Last Week","2025-02-19","36150","39.678655566060336","-84.14789795584265","March 30, 2025 - April 05, 2025"
"114","ID:616","Louisiana","Jefferson","No Samples in Last Week","2025-01-05","50652","29.83938077559972","-90.01541710706316","March 30, 2025 - April 05, 2025"
"115","ID:1691","Ohio","Wood","No Samples in Last Week","2025-02-23","32000","41.38609676958114","-83.65760989957523","March 30, 2025 - April 05, 2025"
"116","ID:2154","Wisconsin","Racine","No Samples in Last Week","2024-09-08","139000","42.701683166811314","-87.80217026351143","March 30, 2025 - April 05, 2025"
"117","ID:1743","Oregon","Marion","No Samples in Last Week","2024-07-23","10840","44.801151528111816","-122.78000430859058","March 30, 2025 - April 05, 2025"
"118","ID:181","California","Santa Cruz","No Samples in Last Week","2024-09-10","12000","37.00976266472417","-122.00536421043171","March 30, 2025 - April 05, 2025"
"119","ID:286","Delaware","Kent","No Samples in Last Week","2024-12-15","130000","38.93010508016543","-75.416946176046","March 30, 2025 - April 05, 2025"
"120","ID:905","Michigan","Marquette","No Samples in Last Week","2024-09-09","3500","46.454039628528285","-87.30516339715751","March 30, 2025 - April 05, 2025"
"121","ID:787","Michigan","Delta","No Samples in Last Week","2024-12-22","12600","45.74594544755896","-87.08351606413468","March 30, 2025 - April 05, 2025"
"122","ID:2108","Wisconsin","Kewaunee, Brown","No Samples in Last Week","2024-09-07","189000","44.50099475695818","-87.97446283091674","March 30, 2025 - April 05, 2025"
"123","ID:900","Michigan","Manistee","No Samples in Last Week","2024-12-16","8154","44.249608","-86.343793","March 30, 2025 - April 05, 2025"
"124","ID:1469","North Carolina","Forsyth, Guilford, Randolph, Davidson","No Samples in Last Week","2024-05-21","116390","36.00226132433128","-79.92963798323646","March 30, 2025 - April 05, 2025"
"125","ID:165","California","San Luis Obispo","No Samples in Last Week","2024-11-20","47545","35.1938038976915","-120.6597246364019","March 30, 2025 - April 05, 2025"
"126","ID:283","Delaware","New Castle","No Samples in Last Week","2024-12-15","539000","39.77646811315667","-75.4982894405215","March 30, 2025 - April 05, 2025"
"127","ID:597","Louisiana","Caddo","No Samples in Last Week","2025-01-05","5300","32.58163888799248","-93.8923880324317","March 30, 2025 - April 05, 2025"
"128","ID:911","Michigan","Menominee","No Samples in Last Week","2025-01-26","3842","45.149899417792454","-87.60627860983273","March 30, 2025 - April 05, 2025"
"129","ID:1592","Ohio","Hocking","No Samples in Last Week","2025-02-20","8500","39.53373947202513","-82.41005444994586","March 30, 2025 - April 05, 2025"
"130","ID:1819","South Carolina","Greenwood","No Samples in Last Week","2024-09-11","12000","34.166187908993244","-82.1217796039301","March 30, 2025 - April 05, 2025"
"131","ID:903","Michigan","Manistee","No Samples in Last Week","2025-01-06","8154","44.112257127668165","-86.37605333166064","March 30, 2025 - April 05, 2025"
"132","ID:888","Michigan","Lenawee","No Samples in Last Week","2024-11-12","8680","41.99961852991139","-83.95022670897521","March 30, 2025 - April 05, 2025"
"133","ID:914","Michigan","Muskegon","No Samples in Last Week","2024-12-11","32000","43.19643139756416","-86.26784851320836","March 30, 2025 - April 05, 2025"
"134","ID:1607","Ohio","Lorain","No Samples in Last Week","2025-02-23","72000","41.45707874432204","-82.17007215764744","March 30, 2025 - April 05, 2025"
"135","ID:2132","Wisconsin","Kenosha","No Samples in Last Week","2024-09-05","122000","42.5619287498442","-87.83216609974882","March 30, 2025 - April 05, 2025"
"136","ID:21","Arizona","Maricopa","No Samples in Last Week","2024-11-05","64521","33.48225674678659","-111.74357158237265","March 30, 2025 - April 05, 2025"
"137","ID:29","Arizona","Maricopa","No Samples in Last Week","2024-11-07","130000","33.643100139647395","-112.39017249783718","March 30, 2025 - April 05, 2025"
"138","ID:686","Louisiana","Terrebonne","No Samples in Last Week","2025-01-06","50000","29.643455482442512","-90.7127973032997","March 30, 2025 - April 05, 2025"
"139","ID:1753","Oregon","Washington","No Samples in Last Week","2022-11-20","40000","45.45951429225867","-122.92795340466323","March 30, 2025 - April 05, 2025"
"140","ID:98","California","Contra Costa","No Samples in Last Week","2024-11-21","218281","38.05030419721884","-121.81754670735181","March 30, 2025 - April 05, 2025"
"141","ID:624","Louisiana","Lafayette","No Samples in Last Week","2024-09-06","23000","30.109098956894318","-91.92881007935632","March 30, 2025 - April 05, 2025"
"142","ID:619","Louisiana","Jefferson","No Samples in Last Week","2025-01-27","163451","29.827851992117136","-90.10421334081839","March 30, 2025 - April 05, 2025"
"143","ID:96","California","Butte","No Samples in Last Week","2024-11-25","101299","39.72802341795413","-121.81588766284534","March 30, 2025 - April 05, 2025"
"144","ID:856","Michigan","Kalamazoo","No Samples in Last Week","2024-08-26","31189","42.45974822685707","-85.78521497052806","March 30, 2025 - April 05, 2025"
"145","ID:884","Michigan","Kent","No Samples in Last Week","2025-01-12","15000","42.94765718697664","-85.74406895840812","March 30, 2025 - April 05, 2025"
"146","ID:910","Michigan","Mecosta","No Samples in Last Week","2024-10-29","21000","43.695558267542445","-85.48660740682213","March 30, 2025 - April 05, 2025"
"147","ID:921","Michigan","Otsego","No Samples in Last Week","2025-01-14","3670","45.000261361164085","-84.67192700527981","March 30, 2025 - April 05, 2025"
"148","ID:790","Michigan","Eaton","No Samples in Last Week","2024-08-25","9074","42.568164372720744","-84.82940124222486","March 30, 2025 - April 05, 2025"
"149","ID:1537","Ohio","Coshocton","No Samples in Last Week","2025-02-23","12000","40.272267125707884","-81.85973187825947","March 30, 2025 - April 05, 2025"
"150","ID:23","Arizona","Maricopa","No Samples in Last Week","2024-11-12","17280","33.47739524432734","-111.96423769954548","March 30, 2025 - April 05, 2025"
"151","ID:901","Michigan","Manistee","No Samples in Last Week","2025-01-06","8154","44.24337030680387","-86.165871876371","March 30, 2025 - April 05, 2025"
"152","ID:2141","Wisconsin","Milwaukee, Ozaukee","No Samples in Last Week","2024-09-04","470007","42.980551360211116","-87.9000103751204","March 30, 2025 - April 05, 2025"
"153","ID:853","Michigan","Kalamazoo","No Samples in Last Week","2024-08-26","45976","42.07258215320764","-85.54582284539842","March 30, 2025 - April 05, 2025"
"154","ID:763","Michigan","Allegan","No Samples in Last Week","2024-08-25","5500","42.53161752162733","-85.86292532008076","March 30, 2025 - April 05, 2025"
"155","ID:885","Michigan","Kent","No Samples in Last Week","2024-12-23","68000","42.829388658130604","-85.89098290175512","March 30, 2025 - April 05, 2025"
"156","ID:1468","North Carolina","Guilford","No Samples in Last Week","2024-04-02","135821","36.09093384389982","-79.66434674575062","March 30, 2025 - April 05, 2025"
"157","ID:2178","Wisconsin","Marathon, Wood","No Samples in Last Week","2024-09-09","19300","44.657939984779084","-90.18009897028863","March 30, 2025 - April 05, 2025"
"158","ID:612","Louisiana","Iberia","No Samples in Last Week","2025-01-05","36123","30.02564341572562","-91.87572264053046","March 30, 2025 - April 05, 2025"
"159","ID:34","Arizona","Pima","No Samples in Last Week","2024-11-25","23000","31.82402821582564","-110.97247006000055","March 30, 2025 - April 05, 2025"
"160","ID:859","Michigan","Kent","No Samples in Last Week","2025-01-13","41000","42.802829608913314","-85.74652633890817","March 30, 2025 - April 05, 2025"
"161","ID:1591","Ohio","Henry","No Samples in Last Week","2025-02-23","8749","41.39016632720079","-84.12658739442735","March 30, 2025 - April 05, 2025"
"162","ID:2167","Wisconsin","Walworth","No Samples in Last Week","2024-09-09","30000","42.63405998312104","-88.6468105638755","March 30, 2025 - April 05, 2025"
"163","ID:679","Louisiana","Saint Tammany","No Samples in Last Week","2024-09-10","15000","30.485945224486557","-90.12629970717796","March 30, 2025 - April 05, 2025"
"164","ID:1484","North Carolina","New Hanover","No Samples in Last Week","2024-05-21","67743","34.278146871497285","-77.96724096427778","March 30, 2025 - April 05, 2025"
"165","ID:281","Delaware","New Castle","No Samples in Last Week","2024-12-15","17145","39.47034768973038","-75.70032945985572","March 30, 2025 - April 05, 2025"
"166","ID:2122","Wisconsin","Douglas","No Samples in Last Week","2024-09-08","28000","46.699382343243435","-92.09527796169017","March 30, 2025 - April 05, 2025"
"167","ID:779","Michigan","Chippewa","No Samples in Last Week","2025-02-25","6546","46.265147504226405","-84.46062941746878","March 30, 2025 - April 05, 2025"
"168","ID:2177","Wisconsin","Winnebago","No Samples in Last Week","2024-09-09","78300","43.99839392250188","-88.5515827125934","March 30, 2025 - April 05, 2025"
"169","ID:617","Louisiana","Jefferson","No Samples in Last Week","2024-09-10","64000","30.03585075587373","-90.33434943776882","March 30, 2025 - April 05, 2025"
"170","ID:681","Louisiana","Saint Tammany","No Samples in Last Week","2025-03-05","10000","30.276324720934433","-89.68795308836626","March 30, 2025 - April 05, 2025"
"171","ID:1528","Ohio","Butler","No Samples in Last Week","2025-02-23","22000","39.57073574729326","-84.62633669733675","March 30, 2025 - April 05, 2025"
"172","ID:1589","Ohio","Hancock","No Samples in Last Week","2025-02-23","41273","41.04612350322602","-83.64037137337269","March 30, 2025 - April 05, 2025"
"173","ID:136","California","Placer","No Samples in Last Week","2024-11-20","108444","38.786742649176055","-121.38313292570898","March 30, 2025 - April 05, 2025"
"174","ID:792","Michigan","Emmet","No Samples in Last Week","2025-01-07","7900","45.36659170015303","-84.9431629667112","March 30, 2025 - April 05, 2025"
"175","ID:100","California","Del Norte","No Samples in Last Week","2024-11-19","15372","41.78497150900756","-124.19009920923668","March 30, 2025 - April 05, 2025"
"176","ID:1534","Ohio","Carroll","No Samples in Last Week","2025-02-24","3500","40.57065877354292","-81.08665956273393","March 30, 2025 - April 05, 2025"
"177","ID:1663","Ohio","Preble","No Samples in Last Week","2025-02-23","8400","39.743694521952165","-84.65874086220518","March 30, 2025 - April 05, 2025"
"178","ID:151","California","San Francisco","No Samples in Last Week","2024-11-26","6308","37.69896941961748","-122.50004397999565","March 30, 2025 - April 05, 2025"
"179","ID:850","Michigan","Kalamazoo","No Samples in Last Week","2024-08-26","9709","42.41728964393105","-85.5274368370128","March 30, 2025 - April 05, 2025"
"180","ID:1492","North Carolina","Scotland","No Samples in Last Week","2024-12-11","15527","34.732933789396945","-79.30579186774848","March 30, 2025 - April 05, 2025"
"181","ID:1535","Ohio","Clark","No Samples in Last Week","2025-02-24","60000","39.90545834672946","-83.83165171454434","March 30, 2025 - April 05, 2025"
"182","ID:1590","Ohio","Hardin","No Samples in Last Week","2025-03-19","8500","40.64528461830181","-83.59924610843369","March 30, 2025 - April 05, 2025"
"183","ID:1600","Ohio","Knox","No Samples in Last Week","2025-02-23","18000","40.42392863506702","-82.5221666554444","March 30, 2025 - April 05, 2025"
"184","ID:2119","Wisconsin","Dane","No Samples in Last Week","2024-09-09","10757","42.93125586122997","-89.38788109378349","March 30, 2025 - April 05, 2025"
"185","ID:32","Arizona","Mohave","No Samples in Last Week","2024-11-25","37500","34.53523354952391","-114.35315986949688","March 30, 2025 - April 05, 2025"
"186","ID:765","Michigan","Allegan","No Samples in Last Week","2024-08-26","3777","42.46508639705308","-85.61675862843339","March 30, 2025 - April 05, 2025"
"187","ID:153","California","San Francisco","No Samples in Last Week","2024-11-26","3882","37.649789095173695","-122.15554614930682","March 30, 2025 - April 05, 2025"
"188","ID:1688","Ohio","Wayne","No Samples in Last Week","2025-02-23","27000","40.80877549496986","-81.9427772332471","March 30, 2025 - April 05, 2025"
"189","ID:284","Delaware","Sussex","No Samples in Last Week","2024-12-16","7000","38.680636614600076","-75.38699557968224","March 30, 2025 - April 05, 2025"
"190","ID:775","Michigan","Calhoun","No Samples in Last Week","2024-08-26","6964","42.26984379071045","-84.95441589168345","March 30, 2025 - April 05, 2025"
"191","ID:1184","New Hampshire","Cheshire","No Samples in Last Week","2025-02-17","30000","42.87258496990235","-72.28127215907254","March 30, 2025 - April 05, 2025"
"192","ID:782","Michigan","Chippewa","No Samples in Last Week","2025-02-11","15000","46.46975821572437","-84.34945556316582","March 30, 2025 - April 05, 2025"
"193","ID:860","Michigan","Kent","No Samples in Last Week","2024-12-22","145000","42.881502718536446","-85.8273856677111","March 30, 2025 - April 05, 2025"
"194","ID:904","Michigan","Marquette","No Samples in Last Week","2024-07-21","25000","46.590337","-87.37701","March 30, 2025 - April 05, 2025"
"195","ID:24","Arizona","Maricopa","No Samples in Last Week","2024-11-05","9430","33.57613465914032","-111.78606558155512","March 30, 2025 - April 05, 2025"
"196","ID:1544","Ohio","Defiance","No Samples in Last Week","2025-03-02","19900","41.289911504013546","-84.36485749272322","March 30, 2025 - April 05, 2025"
"197","ID:2220","Louisiana","Saint Charles","No Samples in Last Week","2025-01-07","25000","29.957303212289002","-90.35817650948246","March 30, 2025 - April 05, 2025"
"198","ID:1501","North Carolina","Wake","No Samples in Last Week","2024-05-21","550000","35.757884314185006","-78.57516805185449","March 30, 2025 - April 05, 2025"
"199","ID:1657","Ohio","Portage","No Samples in Last Week","2025-02-19","29000","41.10106258513225","-81.32368283290522","March 30, 2025 - April 05, 2025"
"200","ID:22","Arizona","Maricopa","No Samples in Last Week","2024-11-12","53578","33.27312679976154","-111.9667693200172","March 30, 2025 - April 05, 2025"
"201","ID:909","Michigan","Mason","No Samples in Last Week","2024-10-28","8100","43.966459003369735","-86.43384293427874","March 30, 2025 - April 05, 2025"
"202","ID:855","Michigan","Kalamazoo","No Samples in Last Week","2024-09-03","11246","42.38849392636408","-85.70285817332095","March 30, 2025 - April 05, 2025"
"203","ID:1453","North Carolina","Carteret","No Samples in Last Week","2024-12-13","3500","34.761817602890964","-76.63626172164716","March 30, 2025 - April 05, 2025"
"204","ID:1514","Ohio","Athens","No Samples in Last Week","2025-02-24","24536","39.60748094866591","-82.24049976884578","March 30, 2025 - April 05, 2025"
"205","ID:103","California","Humboldt","No Samples in Last Week","2024-11-17","45000","40.7421465907595","-124.21081916401151","March 30, 2025 - April 05, 2025"
"206","ID:2174","Wisconsin","Waupaca","No Samples in Last Week","2024-09-05","4500","44.63329443765989","-88.74782667480903","March 30, 2025 - April 05, 2025"
"207","ID:811","Michigan","Houghton","No Samples in Last Week","2025-01-07","14000","47.112792675744224","-88.57858685935489","March 30, 2025 - April 05, 2025"
"208","ID:1594","Ohio","Huron","No Samples in Last Week","2025-02-24","3276","41.08761758107175","-82.40261983178445","March 30, 2025 - April 05, 2025"
"209","ID:1638","Ohio","Montgomery","No Samples in Last Week","2025-02-24","226729","39.69214898788539","-84.28304894136343","March 30, 2025 - April 05, 2025"
"210","ID:923","Michigan","Ottawa","No Samples in Last Week","2025-01-06","25000","42.99748286430913","-86.18228333832451","March 30, 2025 - April 05, 2025"
"211","ID:1512","Ohio","Ashtabula","No Samples in Last Week","2025-02-23","12000","41.89870095376823","-80.62265441629069","March 30, 2025 - April 05, 2025"
"212","ID:2297","Arizona","Coconino","No Samples in Last Week","2024-11-03","46000","35.21402209215623","-111.66426248093451","March 30, 2025 - April 05, 2025"
"213","ID:851","Michigan","Kalamazoo","No Samples in Last Week","2024-08-26","6703","42.29952591038157","-85.5296327295459","March 30, 2025 - April 05, 2025"
"214","ID:33","Arizona","Pima","No Samples in Last Week","2024-11-05","347900","32.28895758609493","-111.02013524552177","March 30, 2025 - April 05, 2025"
"215","ID:598","Louisiana","Calcasieu","No Samples in Last Week","2025-01-05","36720","30.259056712279328","-93.26606898094026","March 30, 2025 - April 05, 2025"
"216","ID:1605","Ohio","Licking","No Samples in Last Week","2025-02-23","7150","39.99551362722439","-82.68232339086165","March 30, 2025 - April 05, 2025"
"217","ID:15","Alaska","Juneau","No Samples in Last Week","2024-09-05","12000","58.445358623912796","-134.42453845504028","March 30, 2025 - April 05, 2025"
"218","ID:794","Michigan","Genesee","No Samples in Last Week","2024-11-10","95000","43.012959287109894","-83.77319578835312","March 30, 2025 - April 05, 2025"
"219","ID:1457","North Carolina","Wake","No Samples in Last Week","2024-11-07","75886","35.665589128125646","-78.96324660190112","March 30, 2025 - April 05, 2025"
"220","ID:1634","Ohio","Medina","No Samples in Last Week","2025-03-02","86586","40.94271320361001","-81.74298322319801","March 30, 2025 - April 05, 2025"
"221","ID:849","Michigan","Kalamazoo","No Samples in Last Week","2024-08-26","14378","42.09018088308128","-85.4223830735486","March 30, 2025 - April 05, 2025"
"222","ID:1649","Ohio","Ottawa","No Samples in Last Week","2025-02-23","7000","41.51670209694286","-82.90182270118204","March 30, 2025 - April 05, 2025"
"223","ID:129","California","Napa","No Samples in Last Week","2024-11-20","20256","38.18110956474862","-122.2539512981863","March 30, 2025 - April 05, 2025"
"224","ID:2218","Louisiana","La Salle","No Samples in Last Week","2025-01-06","4146","31.672779928488286","-92.12498844537232","March 30, 2025 - April 05, 2025"
"225","ID:966","Michigan","Washtenaw","No Samples in Last Week","2024-11-14","330000","42.239585505237926","-83.58428964760297","March 30, 2025 - April 05, 2025"
"226","ID:1692","Ohio","Wood","No Samples in Last Week","2025-02-23","37725","41.54417508411501","-83.60072179156893","March 30, 2025 - April 05, 2025"
"227","ID:930","Michigan","Ottawa","No Samples in Last Week","2024-08-25","36912","42.89517991496106","-85.91470370517966","March 30, 2025 - April 05, 2025"
"228","ID:913","Michigan","Muskegon","No Samples in Last Week","2025-01-06","125000","43.297203930366315","-86.3080553838582","March 30, 2025 - April 05, 2025"
"229","ID:1471","North Carolina","Henderson","No Samples in Last Week","2025-02-06","43633","35.35701078051698","-82.46646847059834","March 30, 2025 - April 05, 2025"
"230","ID:131","California","El Dorado, Nevada, Placer","No Samples in Last Week","2024-11-17","50000","39.32818655440214","-120.18752424790287","March 30, 2025 - April 05, 2025"
"231","ID:150","California","San Francisco","No Samples in Last Week","2024-11-26","11738","37.83046","-122.377679","March 30, 2025 - April 05, 2025"
"232","ID:788","Michigan","Dickinson","No Samples in Last Week","2025-01-26","13500","45.79707613302821","-88.07717553786058","March 30, 2025 - April 05, 2025"
"233","ID:1478","North Carolina","Mecklenburg","No Samples in Last Week","2024-04-08","182501","35.13235418234516","-80.85778082962943","March 30, 2025 - April 05, 2025"
"234","ID:1187","New Hampshire","Grafton","No Samples in Last Week","2025-02-19","7000","43.74763470588508","-71.70144708811097","March 30, 2025 - April 05, 2025"
"235","ID:1754","Oregon","Washington","No Samples in Last Week","2024-07-10","9900","45.54695273711624","-122.97610982385633","March 30, 2025 - April 05, 2025"
"236","ID:2157","Wisconsin","Saint Croix","No Samples in Last Week","2024-09-05","19680","44.96802251349569","-92.72662364735743","March 30, 2025 - April 05, 2025"
"237","ID:135","California","Orange","No Samples in Last Week","2024-11-17","1800000","33.71114556596636","-117.95081985732627","March 30, 2025 - April 05, 2025"
"238","ID:935","Michigan","Ottawa","No Samples in Last Week","2024-08-25","11200","42.7789619320877","-86.18639553768642","March 30, 2025 - April 05, 2025"
"239","ID:2125","Wisconsin","Fond Du Lac","No Samples in Last Week","2024-09-08","65000","43.77395535186312","-88.44157337196268","March 30, 2025 - April 05, 2025"
"240","ID:2162","Wisconsin","Sheboygan","No Samples in Last Week","2024-09-06","70000","43.73435193484214","-87.7309055208174","March 30, 2025 - April 05, 2025"
"241","ID:858","Michigan","Kent","No Samples in Last Week","2024-12-23","40000","42.97594682214304","-85.72351103112466","March 30, 2025 - April 05, 2025"
"242","ID:1538","Ohio","Crawford","No Samples in Last Week","2025-02-23","12362","40.809342705715125","-82.96873686475115","March 30, 2025 - April 05, 2025"
"243","ID:1652","Ohio","Pickaway","No Samples in Last Week","2025-02-23","13965","39.598598104230796","-82.93525870951486","March 30, 2025 - April 05, 2025"
"244","ID:857","Michigan","Kent","No Samples in Last Week","2025-01-20","7000","43.21969866972182","-85.54548056767779","March 30, 2025 - April 05, 2025"
"245","ID:631","Louisiana","Lafayette","No Samples in Last Week","2024-09-06","5000","30.227488236326394","-91.95057569747297","March 30, 2025 - April 05, 2025"
"246","ID:620","Louisiana","Jefferson","No Samples in Last Week","2025-01-05","333342","30.046772961855723","-90.22483980033138","March 30, 2025 - April 05, 2025"
"247","ID:1508","Ohio","Allen","No Samples in Last Week","2025-02-23","61000","40.71124949727989","-84.01715754273565","March 30, 2025 - April 05, 2025"
"248","ID:1601","Ohio","Knox","No Samples in Last Week","2025-02-23","7000","40.3590392873971","-82.44617279114024","March 30, 2025 - April 05, 2025"
"249","ID:2142","Wisconsin","Milwaukee, Ozaukee, Racine, Waukesha, Washington","No Samples in Last Week","2024-09-04","615934","42.881377853891124","-87.90309213448691","March 30, 2025 - April 05, 2025"
"250","ID:2380","California","Shasta","No Samples in Last Week","2024-05-23","29000","40.424354688080825","-122.34041209489058","March 30, 2025 - April 05, 2025"
"251","ID:1500","North Carolina","Wake","No Samples in Last Week","2024-11-07","74331","35.682831316275816","-78.78928982159384","March 30, 2025 - April 05, 2025"
"252","ID:1543","Ohio","Darke","No Samples in Last Week","2025-02-23","13000","40.0977886336062","-84.63102847208597","March 30, 2025 - April 05, 2025"
"253","ID:18","Arizona","Maricopa","No Samples in Last Week","2024-11-05","50000","33.47326394232421","-112.17641205058517","March 30, 2025 - April 05, 2025"
"254","ID:2277","Texas","Hidalgo","No Samples in Last Week","2024-08-06","70000","26.26874801017245","-98.23513009192037","March 30, 2025 - April 05, 2025"
"255","ID:1486","North Carolina","Durham, Orange","No Samples in Last Week","2024-03-19","78141","35.93976490110633","-79.03713188200462","March 30, 2025 - April 05, 2025"
"256","ID:1462","North Carolina","Forsyth","No Samples in Last Week","2024-04-09","178000","36.115694706429196","-80.3245703550732","March 30, 2025 - April 05, 2025"
"257","ID:1852","Texas","Dallas","No Detection","2024-09-17","22191","32.6735019995405","-97.02731304735251","March 30, 2025 - April 05, 2025"
"258","ID:1202","New Jersey","Bergen","No Detection","2025-01-29","564563","40.80235518420544","-74.04699734109336","March 30, 2025 - April 05, 2025"
"259","ID:179","California","Santa Cruz","No Detection","2024-05-16","70000","36.9487341327622","-122.06046979113115","March 30, 2025 - April 05, 2025"
"260","ID:510","Indiana","Hamilton","No Detection","2024-05-17","86000","39.892966637994924","-86.17797051852887","March 30, 2025 - April 05, 2025"
"261","ID:339","Georgia","Fulton","No Detection","2024-06-02","294660","33.783247073181116","-84.43371976758208","March 30, 2025 - April 05, 2025"
"262","ID:141","California","San Benito","No Detection","2024-10-14","43000","36.89949792292941","-121.3772211348991","March 30, 2025 - April 05, 2025"
"263","ID:14","Alaska","Anchorage","No Detection","2024-09-09","23000","61.24883388324649","-149.47473787003327","March 30, 2025 - April 05, 2025"
"264","ID:1504","North Carolina","Watauga","No Detection","2024-09-10","26000","36.188139243458195","-81.70886143954183","March 30, 2025 - April 05, 2025"
"265","ID:438","Illinois","Du Page","No Detection","2024-05-20","86000","41.88240373967926","-88.0937208702073","March 30, 2025 - April 05, 2025"
"266","ID:1197","New Hampshire","Strafford","No Detection","2025-02-17","14638","43.14023369914261","-70.92610718961697","March 30, 2025 - April 05, 2025"
"267","ID:1490","North Carolina","Rowan","No Detection","2024-09-10","32000","35.69256349062329","-80.5898480014026","March 30, 2025 - April 05, 2025"
"268","ID:115","California","Ventura, Los Angeles","No Detection","2024-09-10","75000","34.18525405278745","-118.66252174892335","March 30, 2025 - April 05, 2025"
"269","ID:1198","New Hampshire","Sullivan","No Detection","2024-09-08","6500","43.33043910084006","-72.17497474945756","March 30, 2025 - April 05, 2025"
"270","ID:5","Alabama","Jefferson","No Detection","2024-05-17","77000","33.60775484874904","-86.81277351143846","March 30, 2025 - April 05, 2025"
"271","ID:529","Indiana","St Joseph","No Detection","2024-05-16","130000","41.64679229828861","-86.32165953645121","March 30, 2025 - April 05, 2025"
"272","ID:543","Iowa","Dakota, Woodbury, Union","No Detection","2024-09-10","110000","42.51458460882386","-96.33921763687829","March 30, 2025 - April 05, 2025"
"273","ID:700","Maine","Cumberland","No Detection","2024-05-20","65000","43.665194474727016","-70.32846621863438","March 30, 2025 - April 05, 2025"
"274","ID:1017","Minnesota","Olmsted","No Detection","2024-05-17","120000","44.03530395536822","-92.45191835706076","March 30, 2025 - April 05, 2025"
"275","ID:1730","Oregon","Jackson","No Detection","2022-03-07","133708","42.38742347288933","-122.92010310312209","March 30, 2025 - April 05, 2025"
"276","ID:140","California","Sacramento","No Detection","2024-05-20","1480000","38.371418660029924","-121.42308815546639","March 30, 2025 - April 05, 2025"
"277","ID:178","California","Santa Cruz","No Detection","2024-09-09","94000","37.025672","-122.223799","March 30, 2025 - April 05, 2025"
"278","ID:2440","Maryland","Montgomery","No Detection","2025-02-13","5354","39.23528179189777","-77.16339993841213","March 30, 2025 - April 05, 2025"
"279","ID:358","Hawaii","Honolulu","No Detection","2024-09-09","101000","21.34717249704623","-157.7029006271585","March 30, 2025 - April 05, 2025"
"280","ID:1701","Oklahoma","Garfield","No Detection","2024-09-10","50350","36.453037813071404","-97.8158176037046","March 30, 2025 - April 05, 2025"
"281","ID:1843","Texas","Andrews","No Detection","2024-08-06","13502","32.349110121158745","-102.4556450851102","March 30, 2025 - April 05, 2025"
"282","ID:556","Kansas","Wyandotte","No Detection","2024-05-21","90000","39.10954657415276","-94.64918835597746","March 30, 2025 - April 05, 2025"
"283","ID:1736","Oregon","Lincoln","No Detection","2022-06-23","10400","44.60022577427321","-124.05866551840194","March 30, 2025 - April 05, 2025"
"284","ID:1832","South Dakota","Yankton","No Detection","2024-05-16","20000","42.853571289440254","-97.43248430785651","March 30, 2025 - April 05, 2025"
"285","ID:2087","West Virginia","Ohio","No Detection","2024-05-17","100000","40.12278263083178","-80.68682786890618","March 30, 2025 - April 05, 2025"
"286","ID:193","California","Yolo","No Detection","2024-05-17","68000","38.55403330524606","-121.75671506135645","March 30, 2025 - April 05, 2025"
"287","ID:1733","Oregon","Lane","No Detection","2024-07-15","8925","43.9891004474181","-124.10318822325502","March 30, 2025 - April 05, 2025"
"288","ID:2444","California","San Joaquin","No Detection","2025-02-20","67000","38.11604505140661","-121.2161210166851","March 30, 2025 - April 05, 2025"
"289","ID:1751","Oregon","Wasco","No Detection","2024-07-11","15276","45.59990184874259","-121.19465479641465","March 30, 2025 - April 05, 2025"
"290","ID:554","Kansas","Shawnee","No Detection","2024-09-09","95000","39.10788334772351","-95.54498183189422","March 30, 2025 - April 05, 2025"
"291","ID:1809","Rhode Island","Providence","No Detection","2024-12-03","9700","41.928896427163096","-71.68676700316779","March 30, 2025 - April 05, 2025"
"292","ID:1847","Texas","Cooke","No Detection","2024-05-20","17300","33.628163196471704","-97.1196856716122","March 30, 2025 - April 05, 2025"
"293","ID:199","Colorado","Denver","No Detection","2024-07-11","709904","39.85035851265784","-105.01511233005397","March 30, 2025 - April 05, 2025"
"294","ID:1804","Rhode Island","Bristol","No Detection","2024-09-12","21100","41.580318","-71.3312","March 30, 2025 - April 05, 2025"
"295","ID:128","California","Monterey","No Detection","2024-09-10","16000","36.48911448356091","-121.9054380419865","March 30, 2025 - April 05, 2025"
"296","ID:1183","New Hampshire","Cumberland, Oxford, Belknap, Carroll","No Detection","2024-09-09","6500","43.99255216270959","-71.13618589683153","March 30, 2025 - April 05, 2025"
"297","ID:1211","New Jersey","Hunterdon","No Detection","2025-01-28","9440","40.63749821977525","-74.9098458255259","March 30, 2025 - April 05, 2025"
"298","ID:313","Florida","Orange","No Detection","2024-05-16","277823","28.535089072366908","-81.16188603552476","March 30, 2025 - April 05, 2025"
"299","ID:314","Florida","Orange","No Detection","2024-05-16","66690","28.490942678433715","-81.42980501109692","March 30, 2025 - April 05, 2025"
"300","ID:215","Colorado","Douglas","No Detection","2024-05-21","25000","39.438216077508216","-104.71174508694","March 30, 2025 - April 05, 2025"
"301","ID:1539","Ohio","Cuyahoga","No Detection","2025-02-23","313158","41.600752185246506","-81.54788674210262","March 30, 2025 - April 05, 2025"
"302",NA,"Texas","Gaines","No Detection","2025-04-01","7500","32.713682563047875","-102.66397448838782","March 30, 2025 - April 05, 2025"
"303","ID:1192","New Hampshire","Rockingham","No Detection","2025-02-25","20000","42.93486778874912","-70.81844363361365","March 30, 2025 - April 05, 2025"
"304","ID:1792","Pennsylvania","Montgomery","No Detection","2024-09-10","13000","40.128258991758166","-75.16473868633474","March 30, 2025 - April 05, 2025"
"305","ID:162","California","San Luis Obispo","No Detection","2024-09-10","14465","35.31286271733179","-120.83381435864605","March 30, 2025 - April 05, 2025"
"306","ID:714","Maine","Piscataquis","No Detection","2024-09-10","1000","45.2838966078732","-69.36347781192964","March 30, 2025 - April 05, 2025"
"307","ID:2182","Wyoming","Sheridan","No Detection","2024-09-10","18000","44.78272313029274","-106.96189130354816","March 30, 2025 - April 05, 2025"
"308","ID:535","Iowa","Johnson","No Detection","2024-09-09","75000","41.67065962408604","-91.55858229663528","March 30, 2025 - April 05, 2025"
"309","ID:1740","Oregon","Marion","No Detection","2022-05-26","26273","45.144621520207295","-122.85628666525261","March 30, 2025 - April 05, 2025"
"310","ID:374","Idaho","Ada","No Detection","2024-05-17","186901","43.70000329230031","-116.44433267476565","March 30, 2025 - April 05, 2025"
"311","ID:148","California","San Francisco, San Mateo","No Detection","2024-05-21","750000","37.832298","-122.373453","March 30, 2025 - April 05, 2025"
"312","ID:1224","New Jersey","Essex, Union","No Detection","2025-01-30","1300000","40.69187220767635","-74.25196364159284","March 30, 2025 - April 05, 2025"
"313","ID:1965","Vermont","Chittenden","No Detection","2024-05-17","30000","44.479522804935826","-73.13949183061868","March 30, 2025 - April 05, 2025"
"314","ID:174","California","Santa Clara","No Detection","2024-05-20","110338","37.04371407087521","-121.62755067022803","March 30, 2025 - April 05, 2025"
"315","ID:1460","North Carolina","Pender, Duplin","No Detection","2024-09-09","10000","34.73859280217054","-78.01729021829445","March 30, 2025 - April 05, 2025"
"316","ID:1858","Texas","Dallas","No Detection","2024-05-16","2600000","32.593186649255024","-96.6171093866059","March 30, 2025 - April 05, 2025"
"317","ID:2199","California","Nevada","No Detection","2024-09-10","13754","39.11525297801792","-121.06615869114573","March 30, 2025 - April 05, 2025"
"318","ID:161","California","San Luis Obispo","No Detection","2024-09-10","15000","35.431601700752104","-120.68587143906527","March 30, 2025 - April 05, 2025"
"319","ID:198","Colorado","Jefferson","No Detection","2024-07-11","345454","39.85497561533595","-104.9152258988347","March 30, 2025 - April 05, 2025"
"320","ID:272","Connecticut","Fairfield","No Detection","2024-09-10","52268","41.154141","-73.10109","March 30, 2025 - April 05, 2025"
"321","ID:1856","Texas","Dallas","No Detection","2024-05-17","630000","32.6243250700778","-96.70841933939","March 30, 2025 - April 05, 2025"
"322","ID:2006","Virginia","Stafford","No Detection","2024-05-17","50000","38.28580836695311","-77.39228649484407","March 30, 2025 - April 05, 2025"
"323","ID:639","Louisiana","Orleans","No Detection","2024-05-20","333406","30.056647011905973","-90.331476607414","March 30, 2025 - April 05, 2025"
"324","ID:252","Colorado","Pueblo","No Detection","2024-07-17","96515","38.28341159145429","-104.58156700246714","March 30, 2025 - April 05, 2025"
"325","ID:713","Maine","Penobscot","No Detection","2024-09-10","20000","44.88261782432562","-68.62529631821765","March 30, 2025 - April 05, 2025"
"326","ID:1921","Texas","Webb","No Detection","2024-05-17","140000","27.498896","-99.52832","March 30, 2025 - April 05, 2025"
"327","ID:114","California","Los Angeles","No Detection","2024-05-19","3500000","33.87424298464439","-118.25189757513729","March 30, 2025 - April 05, 2025"
"328","ID:16","Alaska","Juneau","No Detection","2024-09-05","22000","58.26712250434978","-134.65113639457084","March 30, 2025 - April 05, 2025"
"329","ID:734","Maryland","Garrett","No Detection","2024-09-09","3000","39.36532127529731","-79.40899295594282","March 30, 2025 - April 05, 2025"
"330","ID:1716","Oregon","Benton","No Detection","2021-12-09","58856","44.59142901140648","-123.27255002959558","March 30, 2025 - April 05, 2025"
"331","ID:68","Arkansas","Benton","No Detection","2024-09-11","19000","36.13511512183709","-94.5027457690505","March 30, 2025 - April 05, 2025"
"332","ID:81","Arkansas","Pulaski","No Detection","2024-09-09","23812","34.713062154953654","-92.0743704107463","March 30, 2025 - April 05, 2025"
"333","ID:441","Illinois","Du Page","No Detection","2024-05-17","63000","41.82452502587488","-88.1480742858018","March 30, 2025 - April 05, 2025"
"334","ID:1914","Texas","Travis","No Detection","2024-09-09","539116","30.24118107646491","-97.70556765212068","March 30, 2025 - April 05, 2025"
"335","ID:130","California","Napa","No Detection","2024-05-17","83300","38.33021694261095","-122.29840231782052","March 30, 2025 - April 05, 2025"
"336","ID:1003","Minnesota","Goodhue","No Detection","2024-05-17","16000","44.541533458626404","-92.54649730372421","March 30, 2025 - April 05, 2025"
"337","ID:1723","Oregon","Deschutes","No Detection","2021-12-14","92850","44.0728107726353","-121.25560652165305","March 30, 2025 - April 05, 2025"
"338","ID:125","California","Merced","No Detection","2024-05-17","91000","37.25370776223501","-120.50798791024745","March 30, 2025 - April 05, 2025"
"339","ID:361","Hawaii","Honolulu","No Detection","2024-09-09","47000","21.52490701174651","-158.1872327870266","March 30, 2025 - April 05, 2025"
"340","ID:118","California","Marin","No Detection","2024-05-21","104250","37.988313","-122.448413","March 30, 2025 - April 05, 2025"
"341","ID:324","Florida","Orange, Seminole","No Detection","2024-09-09","95000","28.505308764802937","-81.46028017386689","March 30, 2025 - April 05, 2025"
"342","ID:337","Georgia","Fulton","No Detection","2024-05-20","189593","34.04454089745708","-84.38236782661112","March 30, 2025 - April 05, 2025"
"343","ID:2325","Texas","Henderson","No Detection","2024-08-06","13503","32.17762215423976","-95.87459927994271","March 30, 2025 - April 05, 2025"
"344","ID:2186","Guam","Guam","No Detection","2025-01-19","70486","13.447938859162772","144.65588104781648","March 30, 2025 - April 05, 2025"
"345","ID:101","California","El Dorado","No Detection","2024-09-08","30000","38.86550359644813","-120.01222570142022","March 30, 2025 - April 05, 2025"
"346","ID:229","Colorado","Garfield","No Detection","2024-07-11","16714","39.52699158047979","-107.32112395928974","March 30, 2025 - April 05, 2025"
"347","ID:1220","New Jersey","Passaic","No Detection","2025-01-27","54000","40.98393808660545","-74.27672092024015","March 30, 2025 - April 05, 2025"
"348","ID:2445","Texas","Hays","No Detection","2025-02-18","80000","29.874915619112805","-97.95171852264627","March 30, 2025 - April 05, 2025"
"349","ID:1463","North Carolina","Forsyth","No Detection","2024-05-17","92000","36.02181548713255","-80.29026537645413","March 30, 2025 - April 05, 2025"
"350","ID:1859","Texas","Kaufman, Collin, Dallas","No Detection","2024-09-11","370000","32.94423746425547","-96.70064016253028","March 30, 2025 - April 05, 2025"
"351","ID:1987","Virginia","Frederick, Winchester City","No Detection","2024-09-10","60000","39.25413975300243","-78.14368911225583","March 30, 2025 - April 05, 2025"
"352","ID:1854","Texas","Dallas","No Detection","2024-09-17","9079","32.62208903001914","-96.64812569395052","March 30, 2025 - April 05, 2025"
"353","ID:523","Indiana","Monroe","No Detection","2024-05-20","56090","39.189987734612075","-86.64838184604966","March 30, 2025 - April 05, 2025"
"354","ID:1540","Ohio","Cuyahoga, Summit, Lorain","No Detection","2025-02-23","524154","41.363428282230664","-81.62035572229485","March 30, 2025 - April 05, 2025"
"355","ID:2278","Texas","Jefferson","No Detection","2024-08-06","112193","29.99705329833274","-94.10102381411451","March 30, 2025 - April 05, 2025"
"356","ID:712","Maine","Penobscot","No Detection","2024-05-20","40000","44.86022007250875","-68.77394565128155","March 30, 2025 - April 05, 2025"
"357","ID:1201","New Jersey","Atlantic","No Detection","2025-01-29","250000","39.36228107315562","-74.4376909152751","March 30, 2025 - April 05, 2025"
"358","ID:69","Arkansas","Boone","No Detection","2024-05-17","15000","36.271691940098","-93.00827668305243","March 30, 2025 - April 05, 2025"
"359","ID:187","California","Stanislaus","No Detection","2024-10-16","230000","37.66980350799953","-121.08997016109858","March 30, 2025 - April 05, 2025"
"360","ID:732","Maryland","Anne Arundel","No Detection","2024-09-05","13296","38.928926438601145","-76.62533087758698","March 30, 2025 - April 05, 2025"
"361","ID:1919","Texas","Webb","No Detection","2024-05-17","120000","27.3647289213758","-99.47529304391615","March 30, 2025 - April 05, 2025"
"362","ID:1848","Texas","Dallas","No Detection","2024-05-17","200000","32.92460610491192","-96.62484074659594","March 30, 2025 - April 05, 2025"
"363","ID:155","California","San Joaquin","No Detection","2024-09-10","68000","38.15702604802914","-121.41036402113107","March 30, 2025 - April 05, 2025"
"364","ID:2364","Colorado","Weld","No Detection","2024-07-11","40071","40.00580158517283","-104.74758300054928","March 30, 2025 - April 05, 2025"
"365","ID:1741","Oregon","Marion","No Detection","2024-07-23","229000","45.00501621426194","-123.02193415129027","March 30, 2025 - April 05, 2025"
"366","ID:1915","Texas","Travis","No Detection","2024-09-09","529541","30.289781493152685","-97.6169875283703","March 30, 2025 - April 05, 2025"
"367","ID:2365","California","Solano","No Detection","2024-09-22","155000","38.23531707497507","-122.08429378029109","March 30, 2025 - April 05, 2025"
"368","ID:727","Maryland","Anne Arundel","No Detection","2024-09-17","91838","39.01209101674222","-76.4347153066704","March 30, 2025 - April 05, 2025"
"369","ID:1790","Pennsylvania","Montgomery","No Detection","2024-09-10","13000","40.169634000723974","-75.26992626244586","March 30, 2025 - April 05, 2025"
"370","ID:1975","Vermont","Washington","No Detection","2024-05-20","10100","44.26195896755053","-72.57543035991097","March 30, 2025 - April 05, 2025"
"371","ID:552","Kansas","Saline","No Detection","2024-05-17","47000","38.825604692205225","-97.60727601994","March 30, 2025 - April 05, 2025"
"372","ID:126","California","Mono","No Detection","2024-10-02","8200","37.688365143471195","-118.96842097261434","March 30, 2025 - April 05, 2025"
"373","ID:386","Idaho","Kootenai","No Detection","2024-05-17","50540","47.67364339012418","-116.78550606031678","March 30, 2025 - April 05, 2025"
"374","ID:2340","Alaska","Fairbanks North Star","No Detection","2024-09-04","92000","64.83893617027542","-147.87272985536774","March 30, 2025 - April 05, 2025"
"375","ID:195","Colorado","Arapahoe, Adams","No Detection","2024-07-11","268004","39.73690679280058","-104.86122896097137","March 30, 2025 - April 05, 2025"
"376","ID:224","Colorado","El Paso","No Detection","2024-07-11","303855","38.836890707028346","-104.81713076562896","March 30, 2025 - April 05, 2025"
"377","ID:1747","Oregon","Umatilla","No Detection","2022-03-24","18775","45.84909743875368","-119.29123040744301","March 30, 2025 - April 05, 2025"
"378","ID:1431","New York","Tompkins","No Detection","2024-06-11","90000","42.43879047609868","-76.55035195324228","March 30, 2025 - April 05, 2025"
"379","ID:341","Georgia","Fulton","No Detection","2024-06-02","70887","33.747555626365326","-84.54958330738661","March 30, 2025 - April 05, 2025"
"380","ID:729","Maryland","Anne Arundel","No Detection","2024-09-10","150078","39.209117631354964","-76.56521847625417","March 30, 2025 - April 05, 2025"
"381","ID:1857","Texas","Dallas","No Detection","2024-06-27","242000","32.89717486323132","-96.60110219530678","March 30, 2025 - April 05, 2025"
"382","ID:203","Colorado","Arapahoe","No Detection","2024-07-14","247443","39.64164336006416","-105.00465787461152","March 30, 2025 - April 05, 2025"
"383","ID:1188","New Hampshire","Hillsborough","No Detection","2025-02-18","172000","42.9697373551465","-71.44468484503314","March 30, 2025 - April 05, 2025"
"384","ID:2366","New Jersey","Camden","No Detection","2025-01-28","525000","39.91515693790455","-75.08546093020716","March 30, 2025 - April 05, 2025"
"385","ID:1768","Pennsylvania","Butler","No Detection","2024-09-09","45000","40.6653811657421","-80.07985172999562","March 30, 2025 - April 05, 2025"
"386","ID:954","Michigan","Washtenaw","No Detection","2024-05-17","150000","42.58440605630007","-83.5668956374158","March 30, 2025 - April 05, 2025"
"387","ID:308","Florida","Miami-Dade","No Detection","2024-05-19","750000","25.79966144614561","-80.24829186109417","March 30, 2025 - April 05, 2025"
"388","ID:555","Kansas","Wyandotte","No Detection","2024-05-29","35000","39.08100173903086","-94.7856670278585","March 30, 2025 - April 05, 2025"
"389","ID:264","Colorado","Weld","No Detection","2024-07-17","83319","40.41607265467461","-104.69716387064543","March 30, 2025 - April 05, 2025"
"390","ID:741","Massachusetts","Middlesex","No Detection","2024-09-10","228285","42.65641947382149","-71.30383337887397","March 30, 2025 - April 05, 2025"
"391","ID:2275","Texas","Hardin","No Detection","2024-07-30","34000","30.244841436071408","-94.20678311817868","March 30, 2025 - April 05, 2025"
"392","ID:369","Hawaii","Maui","No Detection","2024-09-08","58900","20.86179783290646","-156.42604155227883","March 30, 2025 - April 05, 2025"
"393","ID:1860","Texas","Denton","No Detection","2025-02-04","166774","33.20600812364953","-97.07204300596365","March 30, 2025 - April 05, 2025"
"394","ID:1505","North Carolina","Wilson","No Detection","2024-05-17","50000","35.767644885731336","-77.92297486931267","March 30, 2025 - April 05, 2025"
"395","ID:1732","Oregon","Klamath","No Detection","2022-02-17","20840","42.233925678079984","-121.81436853182667","March 30, 2025 - April 05, 2025"
"396","ID:1917","Texas","Webb","No Detection","2024-09-09","30000","27.745899398612266","-99.43371997174019","March 30, 2025 - April 05, 2025"
"397","ID:536","Iowa","Johnson","No Detection","2024-05-17","23000","41.69131808190746","-91.59492499199051","March 30, 2025 - April 05, 2025"
"398","ID:1216","New Jersey","Monmouth","No Detection","2024-05-17","100000","40.43665054482273","-74.19473094583407","March 30, 2025 - April 05, 2025"
"399","ID:740","Massachusetts","Hampden","No Detection","2024-09-10","55000","42.16413090615856","-72.65270246502266","March 30, 2025 - April 05, 2025"
"400","ID:2061","Washington","Snohomish","No Detection","2024-05-17","10150","47.943954040881","-122.04842567948265","March 30, 2025 - April 05, 2025"
"401","ID:731","Maryland","Anne Arundel","No Detection","2024-09-03","78365","39.04231189037891","-76.77144352060854","March 30, 2025 - April 05, 2025"
"402","ID:2453","California","Madera","No Detection","2025-03-14","60000","36.97114199651752","-120.12327513126903","March 30, 2025 - April 05, 2025"
"403","ID:703","Maine","Cumberland","No Detection","2024-09-09","6000","43.73251724618408","-70.25627060958792","March 30, 2025 - April 05, 2025"
"404","ID:728","Maryland","Anne Arundel","No Detection","2024-09-09","11802","38.75345854704054","-76.55410288676013","March 30, 2025 - April 05, 2025"
"405","ID:112","California","Los Angeles","No Detection","2024-09-10","200000","34.669635042878845","-118.15799925141738","March 30, 2025 - April 05, 2025"
"406","ID:113","California","Ventura, Los Angeles","No Detection","2024-05-19","4000000","34.00600032370194","-118.4494480199283","March 30, 2025 - April 05, 2025"
"407","ID:260","Colorado","Summit","No Detection","2024-07-25","35643","39.4199799097586","-106.10779482020504","March 30, 2025 - April 05, 2025"
"408","ID:2350","Vermont","Addison","No Detection","2024-09-10","9000","44.0059367419395","-73.17426624659889","March 30, 2025 - April 05, 2025"
"409","ID:539","Iowa","Marshall","No Detection","2024-05-16","27400","42.036645815493756","-92.91766391243895","March 30, 2025 - April 05, 2025"
"410","ID:1728","Oregon","Hood River","No Detection","2022-05-31","7800","45.685528512789276","-121.53162667724526","March 30, 2025 - April 05, 2025"
"411","ID:722","Maine","York","No Detection","2024-09-10","20000","43.39250111139823","-70.71503560422786","March 30, 2025 - April 05, 2025"
"412","ID:833","Michigan","Isabella","No Detection","2024-05-17","21690","43.973783119923645","-84.6608429987489","March 30, 2025 - April 05, 2025"
"413","ID:6","Alabama","Jefferson","No Detection","2024-05-17","225000","33.44850261596281","-87.01476093725056","March 30, 2025 - April 05, 2025"
"414","ID:1028","Minnesota","Sherburne, Benton, Stearns","No Detection","2024-05-17","120000","45.501870027535986","-94.13984036690175","March 30, 2025 - April 05, 2025"
"415","ID:1223","New Jersey","Sussex","No Detection","2025-01-29","7751","41.07379179913103","-74.79746423433288","March 30, 2025 - April 05, 2025"
"416","ID:2287","Idaho","Latah","No Detection","2024-09-09","25500","46.682812688229305","-116.97859505447323","March 30, 2025 - April 05, 2025"
"417","ID:1217","New Jersey","Monmouth","No Detection","2024-05-17","50000","40.2403736750832","-73.99253966464494","March 30, 2025 - April 05, 2025"
"418","ID:92","California","Alameda","No Detection","2024-05-16","229476","37.53389496496231","-121.95099600600648","March 30, 2025 - April 05, 2025"
"419","ID:2113","Wisconsin","Dane","No Detection","2024-09-09","391815","43.04033325275263","-89.15149288977905","March 30, 2025 - April 05, 2025"
"420","ID:93","California","Alameda","No Detection","2024-09-10","60000","37.65035763613395","-122.15573068431772","March 30, 2025 - April 05, 2025"
"421","ID:2","Alabama","Colbert","No Detection","2024-09-09","18000","34.752907071257226","-87.66591277730821","March 30, 2025 - April 05, 2025"
"422","ID:205","Colorado","Boulder","No Detection","2024-07-11","89383","40.05498293766303","-105.21628019683683","March 30, 2025 - April 05, 2025"
"423","ID:730","Maryland","Anne Arundel","No Detection","2024-09-10","22660","39.09681784486946","-76.75230852280144","March 30, 2025 - April 05, 2025"
"424","ID:2274","Texas","Anderson","No Detection","2024-08-06","19372","31.73525955173614","-95.61310575169652","March 30, 2025 - April 05, 2025"
"425","ID:798","Michigan","Grand Traverse","No Detection","2024-05-19","30623","44.929621530256796","-85.50913369774914","March 30, 2025 - April 05, 2025"
"426","ID:1179","Nevada","Clark","No Detection","2024-05-17","990000","36.0026912230453","-115.1016367346454","March 30, 2025 - April 05, 2025"
"427","ID:1742","Oregon","Marion","No Detection","2024-07-24","10520","44.99067644246667","-122.76898881813445","March 30, 2025 - April 05, 2025"
"428","ID:1807","Rhode Island","Kent","No Detection","2024-10-29","30000","41.639056143229695","-71.62303742887715","March 30, 2025 - April 05, 2025"
"429","ID:1922","Texas","Wichita","No Detection","2024-05-17","90000","33.985866120216485","-98.44013572814357","March 30, 2025 - April 05, 2025"
"430","ID:84","Arkansas","Pulaski","No Detection","2024-09-09","32043","34.75992597790278","-92.30181649004659","March 30, 2025 - April 05, 2025"
"431","ID:289","Delaware","Sussex","No Detection","2024-12-22","75000","38.71089574652494","-75.09392974122251","March 30, 2025 - April 05, 2025"
"432","ID:1829","South Dakota","Beadle","No Detection","2024-09-09","14000","44.40679422078149","-98.19422528769724","March 30, 2025 - April 05, 2025"
"433","ID:249","Colorado","Pitkin","No Detection","2024-07-25","5500","39.19754846470686","-106.8353940143141","March 30, 2025 - April 05, 2025"
"434","ID:694","Maine","Androscoggin","No Detection","2024-05-16","60000","44.06326672228966","-70.15456089639524","March 30, 2025 - April 05, 2025"
"435","ID:1849","Texas","Dallas","No Detection","2024-09-08","1000000","32.717929600881355","-96.66255450252758","March 30, 2025 - April 05, 2025"
"436","ID:541","Iowa","Wapello","No Detection","2024-05-17","25529","41.02246157558221","-92.41746047528787","March 30, 2025 - April 05, 2025"
"437","ID:360","Hawaii","Honolulu","No Detection","2024-05-20","400000","21.281684","-157.846003","March 30, 2025 - April 05, 2025"
"438","ID:1993","Virginia","Martinsville City, Henry","No Detection","2024-09-09","63000","36.58518332765185","-79.86609181135508","March 30, 2025 - April 05, 2025"
"439","ID:271","Connecticut","Fairfield","No Detection","2024-09-09","72914","41.14183751809081","-73.42630814882314","March 30, 2025 - April 05, 2025"
"440","ID:708","Maine","Knox","No Detection","2024-09-05","7000","44.186375876980485","-69.1108277952059","March 30, 2025 - April 05, 2025"
"441","ID:340","Georgia","Fulton","No Detection","2024-06-02","105160","33.705131803725045","-84.3839350609862","March 30, 2025 - April 05, 2025"
"442","ID:1243","New Mexico","Santa Fe","No Detection","2024-09-09","87000","35.59351349100367","-106.0214745953907","March 30, 2025 - April 05, 2025"
"443","ID:1495","North Carolina","Swain, Jackson","No Detection","2024-09-10","10000","35.51682820187102","-83.2519514671259","March 30, 2025 - April 05, 2025"
"444","ID:270","Connecticut","Fairfield","No Detection","2024-09-08","45878","41.080898664522195","-73.64401128487945","March 30, 2025 - April 05, 2025"
"445","ID:278","Connecticut","New London","No Detection","2024-09-10","41000","41.4810587590659","-72.08984950680743","March 30, 2025 - April 05, 2025"
"446","ID:346","Georgia","Muscogee, Chattahoochee","No Detection","2024-05-20","278000","32.42659761415358","-84.94452059559174","March 30, 2025 - April 05, 2025"
"447","ID:1734","Oregon","Lane","No Detection","2024-07-15","235155","44.10184250393112","-123.13091141278473","March 30, 2025 - April 05, 2025"
"448","ID:1838","Tennessee","Shelby","No Detection","2024-05-16","300000","35.19974577297119","-90.00024557142713","March 30, 2025 - April 05, 2025"
"449","ID:1189","New Hampshire","Hillsborough","No Detection","2025-02-17","26632","42.86543021999397","-71.49803075589178","March 30, 2025 - April 05, 2025"
"450","ID:1221","New Jersey","Salem","No Detection","2025-01-29","5500","39.705803674961935","-75.46114152438062","March 30, 2025 - April 05, 2025"
"451","ID:1181","Nevada","Washoe","No Detection","2024-12-23","350000","39.50519165503529","-119.68527883191057","March 30, 2025 - April 05, 2025"
"452","ID:253","Colorado","Routt","No Detection","2024-08-15","43741","40.485064921769144","-106.84830732919052","March 30, 2025 - April 05, 2025"
"453","ID:1225","New Jersey","Union","No Detection","2025-01-27","204148","40.60165446956705","-74.28638188897602","March 30, 2025 - April 05, 2025"
"454","ID:1378","New York","Oswego","No Detection","2024-05-17","30000","43.35013458880793","-76.46354315511986","March 30, 2025 - April 05, 2025"
"455","ID:1719","Oregon","Clackamas","No Detection","2024-07-24","26298","45.33256591278695","-122.81201833493081","March 30, 2025 - April 05, 2025"
"456","ID:1222","New Jersey","Somerset","No Detection","2024-05-16","7000","40.453188988550785","-74.65519100755351","March 30, 2025 - April 05, 2025"
"457","ID:1775","Pennsylvania","Dauphin","No Detection","2024-05-16","125000","40.28762120354676","-76.90316143569171","March 30, 2025 - April 05, 2025"
"458","ID:336","Georgia","Fulton","No Detection","2024-05-15","84486","34.02825903331748","-84.25979311980434","March 30, 2025 - April 05, 2025"
"459","ID:4","Alabama","Jefferson","No Detection","2024-05-17","30000","33.71406287819372","-86.65244519579562","March 30, 2025 - April 05, 2025"
"460","ID:1820","South Carolina","Greenwood","No Detection","2024-09-10","48000","34.18156080616635","-82.27995048129866","March 30, 2025 - April 05, 2025"
"461","ID:176","California","Santa Clara","No Detection","2024-05-19","1500000","37.459039161261906","-121.92567995823991","March 30, 2025 - April 05, 2025"
"462","ID:1213","New Jersey","Middlesex, Somerset, Union","No Detection","2025-01-29","880000","40.504834376446155","-74.37155410297892","March 30, 2025 - April 05, 2025"
"463","ID:1678","Ohio","Portage, Summit","No Detection","2024-05-17","365000","41.175415663526","-81.558588135597","March 30, 2025 - April 05, 2025"
"464","ID:318","Florida","Pinellas","No Detection","2024-05-17","89847","27.84336534446403","-82.64318619901671","March 30, 2025 - April 05, 2025"
"465","ID:716","Maine","Sagadahoc","No Detection","2024-09-10","8700","43.865029148281174","-69.85423072297553","March 30, 2025 - April 05, 2025"
"466","ID:557","Kansas","Wyandotte","No Detection","2024-05-21","15000","39.15832573268465","-94.82607943046091","March 30, 2025 - April 05, 2025"
"467","ID:164","California","San Luis Obispo","No Detection","2024-05-20","31037","35.63013291167656","-120.69321554810612","March 30, 2025 - April 05, 2025"
"468","ID:1196","New Hampshire","Strafford","No Detection","2024-05-20","30000","43.239738124536075","-70.90054234390959","March 30, 2025 - April 05, 2025"
"469","ID:373","Idaho","Ada","No Detection","2024-05-17","105893","43.55888361804104","-116.26035998843811","March 30, 2025 - April 05, 2025"
"470","ID:1033","Mississippi","Jackson","No Detection","2024-06-16","19008","30.414844130834528","-88.64832941891355","March 30, 2025 - April 05, 2025"
"471","ID:1549","Ohio","Franklin","No Detection","2025-02-23","645940","39.93694201522634","-83.04239273225456","March 30, 2025 - April 05, 2025"
"472","ID:1731","Oregon","Josephine","No Detection","2022-02-28","37725","42.46442022767541","-123.3387907506834","March 30, 2025 - April 05, 2025"
"473","ID:367","Hawaii","Maui","No Detection","2024-09-08","46800","20.737016239180825","-156.39645547484443","March 30, 2025 - April 05, 2025"
"474","ID:1473","North Carolina","Lenoir","No Detection","2024-05-17","25000","35.249849430857765","-77.45938530710798","March 30, 2025 - April 05, 2025"
"475","ID:1204","New Jersey","Cumberland","No Detection","2024-05-17","50000","39.41064885937409","-75.2627830400514","March 30, 2025 - April 05, 2025"
"476","ID:188","California","Stanislaus","No Detection","2024-05-17","86000","37.45528574404287","-120.8204483627218","March 30, 2025 - April 05, 2025"
"477","ID:138","California","Riverside","No Detection","2024-05-17","350000","33.927324033134475","-117.40338883591252","March 30, 2025 - April 05, 2025"
"478","ID:242","Colorado","Mesa","No Detection","2024-07-24","89286","39.09998640201068","-108.59613749059338","March 30, 2025 - April 05, 2025"
"479","ID:1738","Oregon","Linn","No Detection","2022-04-21","57785","45.62631022687481","-122.84693480769903","March 30, 2025 - April 05, 2025"
"480","ID:1757","Oregon","Yamhill","No Detection","2022-05-16","34615","45.21144186927125","-123.20639455846577","March 30, 2025 - April 05, 2025"
"481","ID:1811","Rhode Island","Providence","No Detection","2024-12-02","240000","41.80852517612168","-71.43368044341798","March 30, 2025 - April 05, 2025"
"482","ID:122","California","Marin","No Detection","2024-09-26","18000","37.86465735537582","-122.52960090335664","March 30, 2025 - April 05, 2025"
"483","ID:184","California","Sonoma","No Detection","2024-05-19","237800","38.49912643966694","-122.76846316849016","March 30, 2025 - April 05, 2025"
"484","ID:1908","Texas","Montgomery","No Detection","2024-05-17","65000","30.14052273055358","-95.46573066853422","March 30, 2025 - April 05, 2025"
"485","ID:160","California","San Luis Obispo","No Detection","2024-09-10","6031","35.548859","-121.100791","March 30, 2025 - April 05, 2025"
"486","ID:1162","Nebraska","Lancaster","No Detection","2024-05-17","60000","40.85760351544668","-96.75124633156248","March 30, 2025 - April 05, 2025"
"487","ID:1205","New Jersey","Cumberland","No Detection","2025-01-30","30000","39.38707615554787","-75.05036375114001","March 30, 2025 - April 05, 2025"
"488","ID:2381","Rhode Island","Washington","No Detection","2024-12-03","16500","41.36052589154074","-71.81173360366044","March 30, 2025 - April 05, 2025"
"489","ID:2005","Virginia","Stafford","No Detection","2024-05-17","100000","38.42521157087576","-77.35336457816278","March 30, 2025 - April 05, 2025"
"490","ID:1850","Texas","Dallas","No Detection","2024-09-17","105158","32.78917464756699","-96.8096332042857","March 30, 2025 - April 05, 2025"
"491","ID:183","California","Solano","No Detection","2024-05-21","121000","38.10490895880866","-122.25077647310488","March 30, 2025 - April 05, 2025"
"492","ID:319","Florida","Pinellas","No Detection","2024-05-17","94218","27.740166520777528","-82.72182697536091","March 30, 2025 - April 05, 2025"
"493","ID:175","California","Santa Clara","No Detection","2024-05-19","236000","37.49793317124382","-122.10052030390732","March 30, 2025 - April 05, 2025"
"494","ID:1622","Ohio","Mahoning","No Detection","2024-05-17","65469","40.85192708866422","-80.59735355280515","March 30, 2025 - April 05, 2025"
"495","ID:13","Alaska","Anchorage","No Detection","2024-05-21","220000","61.13648998473983","-149.98898732133566","March 30, 2025 - April 05, 2025"
"496","ID:147","California","San Francisco, San Mateo","No Detection","2024-05-20","250000","37.75162682104883","-122.51038687572103","March 30, 2025 - April 05, 2025"
"497","ID:709","Maine","Lincoln","No Detection","2024-09-17","2222","43.93385665000796","-69.65231423485753","March 30, 2025 - April 05, 2025"
"498","ID:1777","Pennsylvania","Delaware","No Detection","2024-05-19","220000","39.84726073585288","-75.37331763923716","March 30, 2025 - April 05, 2025"
"499","ID:170","California","San Mateo","No Detection","2024-05-20","199000","37.53550779243194","-122.24985528286923","March 30, 2025 - April 05, 2025"
"500","ID:80","Arkansas","Pulaski","No Detection","2024-09-09","30377","34.85141507731462","-92.26444497245384","March 30, 2025 - April 05, 2025"
"501","ID:157","California","San Joaquin","No Detection","2024-10-08","29000","37.78332629567436","-121.60171955377453","March 30, 2025 - April 05, 2025"
"502","ID:655","Louisiana","Orleans","No Detection","2024-05-17","50591","29.93292418938398","-90.04227431800815","March 30, 2025 - April 05, 2025"
"503","ID:372","Idaho","Ada","No Detection","2024-09-23","195813","43.66027506799912","-116.31100920237489","March 30, 2025 - April 05, 2025"
"504","ID:1195","New Hampshire","Rockingham","No Detection","2025-02-17","22000","43.077388","-70.741897","March 30, 2025 - April 05, 2025"
"505","ID:1721","Oregon","Columbia","No Detection","2024-07-31","13739","45.85709338705543","-122.82831744302221","March 30, 2025 - April 05, 2025"
"506","ID:1978","Virginia","Alleghany","No Detection","2024-09-10","15000","37.65856874123519","-79.80785944377432","March 30, 2025 - April 05, 2025"
"507","ID:1739","Oregon","Malheur","No Detection","2022-01-11","12000","44.03461480781948","-116.98473515842964","March 30, 2025 - April 05, 2025"
"508","ID:223","Colorado","El Paso","No Detection","2024-07-11","102204","38.87820704052576","-104.82409178648136","March 30, 2025 - April 05, 2025"
"509","ID:1767","Pennsylvania","Northampton, Bucks","No Detection","2024-09-12","55000","40.238483429546235","-75.05018352855532","March 30, 2025 - April 05, 2025"
"510","ID:742","Massachusetts","Suffolk, Middlesex, Worcester, Plymouth, Norfolk","No Detection","2024-05-17","2400000","42.420053","-70.902872","March 30, 2025 - April 05, 2025"
"511","ID:1966","Vermont","Chittenden","No Detection","2024-05-21","16000","44.39386378386989","-73.18727758704917","March 30, 2025 - April 05, 2025"
"512","ID:70","Arkansas","Garland","No Detection","2024-09-09","38000","34.52934136821256","-93.07117436030987","March 30, 2025 - April 05, 2025"
"513","ID:309","Florida","Miami-Dade","No Detection","2024-05-17","900000","26.02872261115649","-80.2253035060001","March 30, 2025 - April 05, 2025"
"514","ID:737","Maryland","Washington","No Detection","2024-05-17","90000","39.66510249241691","-77.64020550289567","March 30, 2025 - April 05, 2025"
"515","ID:1218","New Jersey","Morris","No Detection","2025-01-29","24530","40.73298006526676","-74.39543412938643","March 30, 2025 - April 05, 2025"
"516","ID:2243","Oregon","Tillamook","No Detection","2022-11-23","27748","45.45176397364762","-123.84351173270046","March 30, 2025 - April 05, 2025"
"517","ID:2232","Rhode Island","Washington","No Detection","2024-09-09","5000","41.16742926277269","-71.57140677113604","March 30, 2025 - April 05, 2025"
"518","ID:362","Hawaii","Honolulu","No Detection","2024-09-04","19000","21.49991060378909","-158.1296152194737","March 30, 2025 - April 05, 2025"
"519","ID:1200","New Jersey","Atlantic","No Detection","2025-01-30","12000","39.63592674078885","-74.78094722222797","March 30, 2025 - April 05, 2025"
"520","ID:1911","Texas","Randall, Potter","No Detection","2024-05-19","140000","35.23339849316993","-101.81121789926716","March 30, 2025 - April 05, 2025"
"521","ID:2184","Wyoming","Teton","No Detection","2024-09-10","13000","43.481442366909235","-110.86474461033778","March 30, 2025 - April 05, 2025"
"522","ID:993","Minnesota","Blue Earth, Nicollet","No Detection","2024-05-17","70000","44.150671684407016","-94.03448126981935","March 30, 2025 - April 05, 2025"
"523","ID:1855","Texas","Dallas","No Detection","2024-05-17","270000","32.623371346926845","-96.8996379080655","March 30, 2025 - April 05, 2025"
"524","ID:553","Kansas","Shawnee","No Detection","2024-09-09","40000","39.17133371160143","-95.76088203420088","March 30, 2025 - April 05, 2025"
"525","ID:1853","Texas","Dallas","No Detection","2024-09-17","313164","32.84914538493859","-96.78987577201391","March 30, 2025 - April 05, 2025"
"526","ID:1867","Texas","Galveston","No Detection","2024-09-10","115000","29.485390693327563","-95.20454000262538","March 30, 2025 - April 05, 2025"
"527","ID:2276","Texas","Hays","No Detection","2024-08-06","18000","30.073429889433246","-97.81805207220214","March 30, 2025 - April 05, 2025"
"528","ID:2442","New Hampshire","Strafford","No Detection","2025-02-17","32000","43.14925878663131","-70.85844712761816","March 30, 2025 - April 05, 2025"
"529","ID:886","Michigan","Kent","No Detection","2024-05-17","75000","42.93959628400332","-85.86097771781498","March 30, 2025 - April 05, 2025"
"530","ID:2441","Maryland","Montgomery","No Detection","2025-02-13","208364","39.16783040701505","-77.27099017672636","March 30, 2025 - April 05, 2025"
"531","ID:1744","Oregon","Multnomah","No Detection","2021-11-16","662235","45.62105915325483","-122.7860236850902","March 30, 2025 - April 05, 2025"
"532","ID:1912","Texas","Randall, Potter","No Detection","2024-05-19","60000","35.09819659410681","-101.8310171971678","March 30, 2025 - April 05, 2025"
"533","ID:268","Connecticut","Fairfield","No Detection","2024-05-17","140000","41.126355838946374","-73.4732304806802","March 30, 2025 - April 05, 2025"
"534","ID:1185","New Hampshire","Coos","No Detection","2025-02-18","10000","44.474238891938064","-71.17592887189954","March 30, 2025 - April 05, 2025"
"535","ID:2386","Texas","Brazos","No Detection","2024-10-29","58250","30.652421881850604","-96.33586536070159","March 30, 2025 - April 05, 2025"
"536","ID:190","California","Ventura","No Detection","2024-09-10","250000","34.15822130307878","-119.03477485156469","March 30, 2025 - April 05, 2025"
"537","ID:312","Florida","Orange","No Detection","2024-05-16","80000","28.417229902719818","-81.65079332728803","March 30, 2025 - April 05, 2025"
"538","ID:1226","New Mexico","Bernalillo","No Detection","2024-09-08","650000","35.03123532139998","-106.68636195715744","March 30, 2025 - April 05, 2025"
"539","ID:1748","Oregon","Umatilla","No Detection","2021-12-27","17500","45.66533621739651","-118.78101874161308","March 30, 2025 - April 05, 2025"
"540","ID:1837","Tennessee","Catoosa, Walker, Dade, Hamilton","No Detection","2024-05-17","400000","35.0868973055614","-85.32042624806901","March 30, 2025 - April 05, 2025"
"541","ID:326","Georgia","Fulton","No Detection","2024-05-20","12818","34.11315610087519","-84.47760979426317","March 30, 2025 - April 05, 2025"
"542","ID:1913","Texas","Tarrant","No Detection","2024-08-06","1000000","32.791362307632234","-97.16541138810733","March 30, 2025 - April 05, 2025"
"543","ID:545","Kansas","Douglas","No Detection","2024-05-17","80000","38.93861307462636","-95.23794938630665","March 30, 2025 - April 05, 2025"
"544","ID:322","Florida","Sarasota","No Detection","2024-10-01","100000","27.42698645301653","-82.4169609102037","March 30, 2025 - April 05, 2025"
"545","ID:359","Hawaii","Honolulu","No Detection","2024-05-20","300000","21.30021174949671","-158.0604692604474","March 30, 2025 - April 05, 2025"
"546","ID:1215","New Jersey","Monmouth","No Detection","2024-05-17","47000","40.117072015775776","-74.03158773553153","March 30, 2025 - April 05, 2025"
"547","ID:7","Alabama","Jefferson","No Detection","2024-05-21","200000","33.519951465492426","-86.93252223222258","March 30, 2025 - April 05, 2025"
"548","ID:710","Maine","Oxford","No Detection","2024-09-09","1500","44.44328615771576","-70.82683087332023","March 30, 2025 - April 05, 2025"
"549","ID:1542","Ohio","Cuyahoga","No Detection","2025-02-23","103379","41.45963644271341","-81.64852186352456","March 30, 2025 - April 05, 2025"
"550","ID:1735","Oregon","Lincoln","No Detection","2022-03-03","8865","44.96488369065965","-124.00998750984024","March 30, 2025 - April 05, 2025"
"551","ID:168","California","San Mateo","No Detection","2024-09-11","150000","37.573914","-122.262868","March 30, 2025 - April 05, 2025"
"552","ID:255","Colorado","San Miguel","No Detection","2024-07-29","15000","37.9360582645361","-107.84825979139748","March 30, 2025 - April 05, 2025"
"553","ID:726","Maryland","Anne Arundel","No Detection","2024-09-05","89319","38.957251138993676","-76.49165321656706","March 30, 2025 - April 05, 2025"
"554","ID:320","Florida","Pinellas","No Detection","2024-05-17","47790","27.735460545613403","-82.6793405912888","March 30, 2025 - April 05, 2025"
"555","ID:171","California","Santa Barbara","No Detection","2024-05-20","69290","34.65088457903685","-120.45449899092816","March 30, 2025 - April 05, 2025"
"556","ID:304","Florida","Escambia","No Detection","2024-09-10","207000","30.564595917387432","-87.40719058692218","March 30, 2025 - April 05, 2025"
"557","ID:698","Maine","Aroostook","No Detection","2024-09-10","5000","46.89984876160944","-68.03440101495922","March 30, 2025 - April 05, 2025"
"558","ID:1193","New Hampshire","Rockingham","No Detection","2025-02-18","3500","43.06373022260211","-70.94529460244985","March 30, 2025 - April 05, 2025"
"559","ID:9","Alabama","Lee","No Detection","2024-09-10","70000","32.55205288657369","-85.48913414992856","March 30, 2025 - April 05, 2025"
"560","ID:757","Massachusetts","Worcester","No Detection","2024-09-10","42000","42.50944062056424","-71.80031939169099","March 30, 2025 - April 05, 2025"
"561","ID:1746","Oregon","Polk","No Detection","2024-07-15","16555","44.93180219934374","-123.22960395770134","March 30, 2025 - April 05, 2025"
"562","ID:2188","Guam","Guam","No Detection","2025-01-12","64247","13.56101458609228","144.820067068726","March 30, 2025 - April 05, 2025"
"563","ID:533","Iowa","Clinton","No Detection","2024-05-17","29300","41.85496511899535","-90.20685412406827","March 30, 2025 - April 05, 2025"
"564","ID:1219","New Jersey","Morris","No Detection","2025-02-03","90000","40.85799136664823","-74.41344122374154","March 30, 2025 - April 05, 2025"
"565","ID:169","California","San Mateo","No Detection","2024-09-10","27000","37.50759632780662","-122.4656863015569","March 30, 2025 - April 05, 2025"
"566","ID:1081","Missouri","Jefferson","No Detection","2024-09-10","48000","38.36504161274589","-90.35434856681526","March 30, 2025 - April 05, 2025"
"567","ID:214","Colorado","Douglas","No Detection","2024-05-20","35000","39.58882333659165","-104.84218162607755","March 30, 2025 - April 05, 2025"
"568","ID:316","Florida","Martin, Palm Beach","No Detection","2024-05-17","90000","26.985771669204876","-80.17632039809274","March 30, 2025 - April 05, 2025"
"569","ID:213","Colorado","Douglas","No Detection","2024-07-11","60571","39.552908724009825","-105.00886913000006","March 30, 2025 - April 05, 2025"
"570","ID:1164","Nebraska","Lancaster","No Detection","2024-05-17","240000","40.87157745788422","-96.64858726827093","March 30, 2025 - April 05, 2025"
"571","ID:300","District of Columbia","Fairfax, Prince Georges, District Of Columbia, Loudoun, Montgomery, Arlington","No Detection","2024-09-04","1600000","38.861312","-76.949696","March 30, 2025 - April 05, 2025"
"572","ID:1816","South Carolina","Georgetown","No Detection","2024-09-11","12000","33.40128537352526","-79.3538593236831","March 30, 2025 - April 05, 2025"
"573","ID:99","California","Contra Costa","No Detection","2024-09-09","102000","37.932359","-122.410036","March 30, 2025 - April 05, 2025"
"574","ID:121","California","Marin","No Detection","2024-05-17","53000","38.112993977643804","-122.56810634814991","March 30, 2025 - April 05, 2025"
"575","ID:1186","New Hampshire","Grafton","No Detection","2025-02-18","11000","43.715918582871","-72.25966816206302","March 30, 2025 - April 05, 2025"
"576","ID:1745","Oregon","Multnomah","No Detection","2024-07-21","45600","45.45746465012735","-122.69390725311868","March 30, 2025 - April 05, 2025"
"577","ID:1805","Rhode Island","Bristol","No Detection","2024-09-11","11500","41.725227158471064","-71.3285579084359","March 30, 2025 - April 05, 2025"
"578","ID:338","Georgia","Fulton","No Detection","2024-06-26","73821","33.60390689131335","-84.49901214536115","March 30, 2025 - April 05, 2025"
"579","ID:540","Iowa","Muscatine","No Detection","2024-05-20","24400","41.42148041033979","-91.05835602532774","March 30, 2025 - April 05, 2025"
"580","ID:1866","Texas","Galveston","No Detection","2024-09-08","15000","29.266555303050897","-94.84952230546557","March 30, 2025 - April 05, 2025"
"581","ID:8","Alabama","Jefferson","No Detection","2024-05-17","95000","33.35467296655103","-86.8291059747905","March 30, 2025 - April 05, 2025"
"582","ID:1851","Texas","Dallas","No Detection","2024-09-17","131391","32.77565467774146","-96.7525654106465","March 30, 2025 - April 05, 2025"
"583","ID:2025","Virginia","Petersburg City","No Detection","2024-09-10","33458","37.1210382110231","-77.45932541299175","March 30, 2025 - April 05, 2025"
"584","ID:201","Colorado","Alamosa","No Detection","2024-07-11","18364","37.471105942218635","-105.87302541971762","March 30, 2025 - April 05, 2025"
"585","ID:1906","Texas","Mclennan","No Detection","2024-08-06","203344","31.505556683404713","-97.12699920195598","March 30, 2025 - April 05, 2025"
"586","ID:1950","Utah","Utah","No Detection","2024-05-20","115000","40.236322535282135","-111.69392311786197","March 30, 2025 - April 05, 2025"
"587","ID:2228","Rhode Island","Newport","No Detection","2024-12-02","41600","41.47900793274585","-71.30069369841404","March 30, 2025 - April 05, 2025"
"588","ID:1810","Rhode Island","Providence","No Detection","2024-12-02","120000","41.8713124302683","-71.36565088333285","March 30, 2025 - April 05, 2025"
"589","ID:2138","Wisconsin","Marathon","No Detection","2024-05-17","44000","45.01778283818883","-89.58875341218888","March 30, 2025 - April 05, 2025"
"590","ID:307","Florida","Leon","No Detection","2024-05-16","212065","30.398464299101665","-84.29022057570869","March 30, 2025 - April 05, 2025"
"591","ID:1491","North Carolina","Rowan","No Detection","2024-09-10","21000","35.75225717998095","-80.4825392271868","March 30, 2025 - April 05, 2025"
"592","ID:2280","Texas","Nueces","No Detection","2024-08-06","158298","27.70722516111819","-97.3475688330962","March 30, 2025 - April 05, 2025"
"593","ID:1976","Vermont","Windsor","No Detection","2024-09-10","6000","43.362585457473294","-72.66698161756717","March 30, 2025 - April 05, 2025"
"594","ID:120","California","Marin","No Detection","2024-11-12","30000","38.04521790124915","-122.62788125583727","March 30, 2025 - April 05, 2025"
"595","ID:194","California","Yolo","No Detection","2024-05-22","59000","38.60171625761312","-121.68419017105194","March 30, 2025 - April 05, 2025"
"596","ID:177","California","Santa Cruz","No Detection","2024-09-09","164000","37.06911661863996","-121.92649639822191","March 30, 2025 - April 05, 2025"
"597","ID:166","California","San Luis Obispo","No Detection","2024-09-09","39000","35.15258213606934","-120.61180790336506","March 30, 2025 - April 05, 2025"
"598","ID:315","Florida","Orange","No Detection","2024-05-16","183009","28.33458056898388","-81.58390219404357","March 30, 2025 - April 05, 2025"
"599","ID:357","Hawaii","Hawaii","No Detection","2024-09-09","32604","19.802410324795964","-155.0867183203776","March 30, 2025 - April 05, 2025"
"600","ID:2450","Nevada","Washoe","No Detection","2025-03-04","28000","39.634998346682266","-119.8557415416656","March 30, 2025 - April 05, 2025"
"601","ID:1203","New Jersey","Burlington","No Detection","2025-01-29","19980","39.948616458512845","-74.98957042419364","March 30, 2025 - April 05, 2025"
"602","ID:845","Michigan","Jackson","No Detection","2024-05-16","90000","42.216495078764844","-84.42307212310763","March 30, 2025 - April 05, 2025"
"603","ID:83","Arkansas","Pulaski","No Detection","2024-09-09","18463","34.82618518671918","-92.3586563422556","March 30, 2025 - April 05, 2025"
"604","ID:97","California","Contra Costa","No Detection","2024-09-10","495000","38.06059398153442","-122.21369368218373","March 30, 2025 - April 05, 2025"
"605","ID:568","Kentucky","Jefferson","No Detection","2024-05-20","423913","38.2140996285356","-85.77053960535035","March 30, 2025 - April 05, 2025"
"606","ID:1717","Oregon","Clackamas","No Detection","2024-07-10","14206","45.25161410599319","-122.6870360047237","March 30, 2025 - April 05, 2025"
"607","ID:2187","Guam","","No Detection","2025-01-12","14535","13.438323393828165","144.62369793133294","March 30, 2025 - April 05, 2025"
"608","ID:1935","Utah","Salt Lake","No Detection","2024-05-17","600000","40.70872872116703","-112.00387039955305","March 30, 2025 - April 05, 2025"
"609","ID:71","Arkansas","Greene","No Detection","2024-09-04","25000","36.01295128837552","-90.51745131052023","March 30, 2025 - April 05, 2025"
"610","ID:290","Delaware","Sussex","No Detection","2024-05-17","13172","38.67920480426128","-75.56622806631414","March 30, 2025 - April 05, 2025"
"611","ID:127","California","Monterey","No Detection","2024-05-16","262000","36.6588874004974","-121.82327618058818","March 30, 2025 - April 05, 2025"
"612","ID:173","California","Santa Clara","No Detection","2024-05-20","153000","37.436421604319754","-121.99441725751291","March 30, 2025 - April 05, 2025"
"613","ID:1729","Oregon","Jackson","No Detection","2022-04-20","21105","42.19021815082209","-122.69305573405785","March 30, 2025 - April 05, 2025"
"614","ID:143","California","San Bernardino","No Detection","2024-05-20","890000","34.041421153803356","-117.6100611955945","March 30, 2025 - April 05, 2025"
"615","ID:760","Massachusetts","Worcester","No Detection","2024-05-16","250000","42.199448571400985","-71.76871447289427","March 30, 2025 - April 05, 2025"
"616","ID:1808","Rhode Island","Kent","No Detection","2024-12-02","60224","41.76483781770496","-71.38552751842745","March 30, 2025 - April 05, 2025"
"617","ID:145","California","San Diego","No Detection","2024-05-19","2200000","32.725254","-117.257487","March 30, 2025 - April 05, 2025"
"618","ID:702","Maine","Cumberland","No Detection","2024-09-10","8500","43.82665323053822","-70.1261755179021","March 30, 2025 - April 05, 2025"
"619","ID:368","Hawaii","Maui","No Detection","2024-09-08","50700","20.9493652687869","-156.64421719799265","March 30, 2025 - April 05, 2025"
"620","ID:895","Michigan","Macomb","No Detection","2024-05-21","140000","42.48579485512594","-83.0512213415264","March 30, 2025 - April 05, 2025"
"621","ID:232","Colorado","La Plata","No Detection","2024-08-01","23429","37.2839904891867","-107.86916225536031","March 30, 2025 - April 05, 2025"
"622","ID:505","Indiana","Clark","No Detection","2024-05-17","25000","38.349324904459465","-85.72450774780357","March 30, 2025 - April 05, 2025"
"623","ID:506","Indiana","Clark","No Detection","2024-05-17","25000","38.297005488175984","-85.68132125921368","March 30, 2025 - April 05, 2025"
"624","ID:139","California","Riverside","No Detection","2024-05-17","91980","33.759573229519255","-116.17849741537746","March 30, 2025 - April 05, 2025"
"625","ID:1868","Texas","Galveston","No Detection","2024-09-10","115000","29.50211613544601","-95.02813924773466","March 30, 2025 - April 05, 2025"
"626","ID:246","Colorado","Otero","No Detection","2024-07-11","29643","37.986469035536494","-103.54456854085052","March 30, 2025 - April 05, 2025"
"627","ID:1034","Mississippi","Jackson","No Detection","2024-06-11","34333","30.541490675814288","-88.74868911202977","March 30, 2025 - April 05, 2025"
"628","ID:1909","Texas","Montgomery","No Detection","2024-05-17","70000","30.17687238910447","-95.50681071179552","March 30, 2025 - April 05, 2025"
"629","ID:1206","New Jersey","Essex, Hudson, Passaic, Union, Bergen","H5 Detection","2024-05-17","1500000","40.788327504849","-74.15431253705843","March 30, 2025 - April 05, 2025"
"630","ID:736","Maryland","Saint Marys","H5 Detection","2024-05-17","55000","38.2565920363169","-76.4584295332771","March 30, 2025 - April 05, 2025"
"631","ID:1722","Oregon","Coos","H5 Detection","2024-07-15","9975","43.433431365782035","-124.21377596649191","March 30, 2025 - April 05, 2025"
"632","ID:1208","New Jersey","Hudson","H5 Detection","2025-01-29","145000","40.763970534666484","-74.0093415348741","March 30, 2025 - April 05, 2025"
